match_id,season,date,venue,team1,team2,t1_form,t2_form,t1_avg_scored,t2_avg_scored,t1_avg_conceded,t2_avg_conceded,t1_venue_winrate,t2_venue_winrate,h2h_t1_winrate,t1_toss_winrate_10,t2_toss_winrate_10,toss_winner_is_t1,toss_decision_bat,t1_season_points,t2_season_points,t1_season_nrr,t2_season_nrr,t1_season_rank,t2_season_rank,target
1254085,2021,2021-05-02,"Arun Jaitley Stadium, Delhi",Rajasthan Royals,Sunrisers Hyderabad,0.0,0.0,160.0,160.0,160.0,160.0,0.0,0.0,0.0,0.5,0.5,0,0,0,0,0.0,0.0,0,0,1
1254086,2021,2021-05-02,"Narendra Modi Stadium, Ahmedabad",Punjab Kings,Delhi Capitals,0.0,0.0,160.0,160.0,160.0,160.0,0.0,0.0,0.0,0.5,0.5,0,0,0,0,0.0,0.0,0,0,0
1254104,2021,2021-09-19,Dubai International Cricket Stadium,Chennai Super Kings,Mumbai Indians,0.0,0.0,160.0,160.0,160.0,160.0,0.0,0.0,0.0,0.5,0.5,1,1,0,0,0.0,0.0,0,0,1
1254087,2021,2021-09-20,"Zayed Cricket Stadium, Abu Dhabi",Royal Challengers Bangalore,Kolkata Knight Riders,0.0,0.0,160.0,160.0,160.0,160.0,0.0,0.0,0.0,0.5,0.5,1,1,0,0,0.0,0.0,0,0,0
1254111,2021,2021-09-21,Dubai International Cricket Stadium,Rajasthan Royals,Punjab Kings,1.0,0.0,220.0,166.0,165.0,167.0,0.0,0.0,0.0,0.0,0.0,0,0,2,0,2.5172244094488194,-1.0287261242292072,2,6,1
1254105,2021,2021-09-22,Dubai International Cricket Stadium,Sunrisers Hyderabad,Delhi Capitals,0.0,1.0,165.0,167.0,220.0,166.0,0.0,0.0,0.0,1.0,1.0,1,1,0,2,-2.5172244094488194,1.0287261242292072,7,3,0
1254096,2021,2021-09-23,"Zayed Cricket Stadium, Abu Dhabi",Mumbai Indians,Kolkata Knight Riders,0.0,1.0,136.0,94.0,156.0,92.0,0.0,1.0,0.0,0.0,0.0,0,0,0,2,-0.9073548387096784,3.998956975228161,6,3,0
1254113,2021,2021-09-24,Sharjah Cricket Stadium,Royal Challengers Bangalore,Chennai Super Kings,0.0,1.0,92.0,156.0,94.0,136.0,0.0,0.0,0.0,1.0,1.0,0,0,0,2,-3.998956975228161,0.9073548387096784,8,4,0
1254097,2021,2021-09-25,"Zayed Cricket Stadium, Abu Dhabi",Delhi Capitals,Rajasthan Royals,1.0,1.0,153.0,202.5,150.0,174.0,0.0,0.0,0.0,0.5,0.0,0,0,4,4,1.0873900293255137,1.4165077888863067,3,2,1
1254107,2021,2021-09-25,Sharjah Cricket Stadium,Punjab Kings,Sunrisers Hyderabad,0.0,0.0,174.5,149.5,176.0,179.5,0.0,0.0,0.0,0.5,1.0,0,0,0,0,-0.6496410256410243,-1.9216432103461383,5,7,1
1254108,2021,2021-09-26,Dubai International Cricket Stadium,Royal Challengers Bangalore,Mumbai Indians,0.0,0.0,124.0,145.5,125.5,157.5,0.0,0.0,0.0,0.5,0.0,0,0,0,0,-2.260674157303371,-1.7411533420707723,8,7,1
1254098,2021,2021-09-26,"Zayed Cricket Stadium, Abu Dhabi",Kolkata Knight Riders,Chennai Super Kings,1.0,1.0,126.5,156.5,123.5,146.0,1.0,0.0,0.0,0.5,1.0,1,1,4,4,3.5832046928064214,0.7688050830088136,2,3,0
1254100,2021,2021-09-27,Dubai International Cricket Stadium,Rajasthan Royals,Sunrisers Hyderabad,0.6666666666666666,0.0,175.33333333333334,139.66666666666666,167.33333333333334,161.33333333333334,1.0,0.0,1.0,0.3333333333333333,1.0,1,1,4,0,0.4436945381827275,-1.3359292347478542,4,7,0
1254099,2021,2021-09-28,"Zayed Cricket Stadium, Abu Dhabi",Punjab Kings,Mumbai Indians,0.3333333333333333,0.0,158.0,134.0,157.33333333333334,160.0,0.0,0.0,0.0,0.3333333333333333,0.3333333333333333,0,0,2,0,-0.3081082298871287,-1.7576621525302922,5,8,0
1254092,2021,2021-09-28,Sharjah Cricket Stadium,Delhi Capitals,Kolkata Knight Riders,1.0,0.6666666666666666,153.33333333333334,141.33333333333334,140.33333333333334,139.66666666666666,0.0,0.0,0.0,0.3333333333333333,0.6666666666666666,0,0,6,4,1.2047606502502752,2.144738348791937,1,3,0
1254103,2021,2021-09-29,Dubai International Cricket Stadium,Rajasthan Royals,Royal Challengers Bangalore,0.5,0.3333333333333333,172.5,137.66666666666666,167.25,120.66666666666667,0.5,1.0,0.0,0.5,0.3333333333333333,0,0,4,2,0.23547305389221584,-0.6863125676533164,4,6,0
1254091,2021,2021-09-30,Sharjah Cricket Stadium,Sunrisers Hyderabad,Chennai Super Kings,0.25,1.0,146.5,161.66666666666666,162.0,154.33333333333334,0.0,1.0,0.0,0.75,0.6666666666666666,0,0,2,6,-0.9134645423305212,0.5931998927709765,7,3,0
1254102,2021,2021-10-01,Dubai International Cricket Stadium,Kolkata Knight Riders,Punjab Kings,0.75,0.25,138.5,152.25,136.5,152.25,0.0,0.0,0.0,0.75,0.25,0,0,6,2,1.7277655438098112,-0.3582230784968985,2,6,0
1254089,2021,2021-10-02,"Zayed Cricket Stadium, Abu Dhabi",Chennai Super Kings,Rajasthan Royals,1.0,0.4,156.0,167.8,149.25,164.4,1.0,0.0,0.0,0.75,0.4,0,0,8,4,0.5603913940071967,-0.05789823849955589,1,4,0
1254112,2021,2021-10-02,Sharjah Cricket Stadium,Mumbai Indians,Delhi Capitals,0.25,0.75,134.75,146.75,153.75,137.75,0.0,0.0,0.0,0.5,0.25,0,0,2,6,-1.1750718161506546,0.6911478854741269,8,3,0
1254109,2021,2021-10-03,Dubai International Cricket Stadium,Sunrisers Hyderabad,Kolkata Knight Riders,0.2,0.6,144.0,143.8,157.4,142.8,0.5,0.0,0.0,0.6,0.6,1,1,2,6,-0.8243372724369209,1.3030316292271813,7,3,0
1254090,2021,2021-10-03,Sharjah Cricket Stadium,Royal Challengers Bangalore,Punjab Kings,0.5,0.4,141.5,155.4,127.75,154.8,0.0,1.0,0.0,0.5,0.4,1,1,4,4,-0.22339484520359854,-0.22297875113004206,6,5,1
1254110,2021,2021-10-04,Dubai International Cricket Stadium,Chennai Super Kings,Delhi Capitals,0.8,0.8,162.6,143.8,157.4,136.0,1.0,1.0,0.0,0.6,0.4,0,0,8,8,0.26979645365472926,0.6576117713638929,3,2,0
1254093,2021,2021-10-05,Sharjah Cricket Stadium,Rajasthan Royals,Mumbai Indians,0.4,0.2,161.8,133.6,169.2,149.4,0.0,0.0,0.0,0.5,0.4,0,0,6,2,0.11311475409836014,-1.0433291491078638,4,8,0
1254095,2021,2021-10-06,"Zayed Cricket Stadium, Abu Dhabi",Sunrisers Hyderabad,Royal Challengers Bangalore,0.2,0.6,134.0,146.0,137.2,133.8,0.0,0.0,0.0,0.6666666666666666,0.6,0,0,2,6,-0.7264697025462583,-0.10740636735902953,8,4,1
1254106,2021,2021-10-07,Sharjah Cricket Stadium,Kolkata Knight Riders,Rajasthan Royals,0.6,0.2,148.8,142.8,147.4,151.4,1.0,0.0,0.0,0.5,0.42857142857142855,0,0,8,6,1.0766468209748794,-0.6206850474366394,2,5,1
1254094,2021,2021-10-07,Dubai International Cricket Stadium,Chennai Super Kings,Punjab Kings,0.6,0.4,158.6,153.8,158.0,154.2,0.5,0.5,0.0,0.5,0.3333333333333333,0,0,8,4,0.1779124639366625,-0.2445427871584469,3,7,0
1254101,2021,2021-10-08,Dubai International Cricket Stadium,Delhi Capitals,Royal Challengers Bangalore,0.8,0.6,138.2,155.0,130.0,143.2,1.0,1.0,0.0,0.5,0.6666666666666666,0,0,10,6,0.5860500119727714,-0.09329148113001029,2,5,0
1254088,2021,2021-10-08,"Zayed Cricket Stadium, Abu Dhabi",Mumbai Indians,Sunrisers Hyderabad,0.4,0.4,125.2,135.4,136.2,136.8,0.5,1.0,0.0,0.5,0.5714285714285714,1,1,4,4,-0.15644669834437774,-0.6097747846002832,7,8,1
1254114,2021,2021-10-10,Dubai International Cricket Stadium,Delhi Capitals,Chennai Super Kings,0.6,0.4,143.2,154.0,136.4,154.6,0.6666666666666666,0.3333333333333333,1.0,0.42857142857142855,0.42857142857142855,0,0,10,8,0.4813543685096615,-0.28467684405763993,2,4,0
1254115,2021,2021-10-11,Sharjah Cricket Stadium,Royal Challengers Bangalore,Kolkata Knight Riders,0.8,0.6,157.0,151.2,144.6,133.4,0.5,1.0,0.0,0.7142857142857143,0.42857142857142855,1,1,8,10,-0.06187517371851747,1.2914663461538458,4,1,0
1254116,2021,2021-10-13,Sharjah Cricket Stadium,Delhi Capitals,Kolkata Knight Riders,0.4,0.8,146.8,144.8,146.8,126.6,0.5,1.0,0.0,0.375,0.375,0,0,10,12,0.38115127006192306,1.1593049824930546,2,1,0
1254117,2021,2021-10-15,Dubai International Cricket Stadium,Chennai Super Kings,Kolkata Knight Riders,0.4,0.8,154.2,146.0,154.8,128.2,0.5,0.5,1.0,0.5,0.4444444444444444,0,0,10,14,-0.205396692307942,1.0228781843429138,3,1,1
1304047,2022,2022-03-26,"Wankhede Stadium, Mumbai",Chennai Super Kings,Kolkata Knight Riders,0.4,0.8,164.8,146.0,161.0,133.0,0.0,0.0,1.0,0.4444444444444444,0.5,0,0,0,0,0.0,0.0,0,0,0
1304049,2022,2022-03-27,"Dr DY Patil Sports Academy, Mumbai",Royal Challengers Bangalore,Punjab Kings,0.6,0.6,151.6,145.0,150.2,144.0,0.0,0.0,1.0,0.75,0.42857142857142855,0,0,0,0,0.0,0.0,0,0,0
1304048,2022,2022-03-27,"Brabourne Stadium, Mumbai",Mumbai Indians,Delhi Capitals,0.6,0.4,141.2,148.4,143.0,148.0,0.0,0.0,0.0,0.5714285714285714,0.3333333333333333,0,0,0,0,0.0,0.0,0,0,0
1304050,2022,2022-03-28,"Wankhede Stadium, Mumbai",Lucknow Super Giants,Gujarat Titans,0.0,0.0,160.0,160.0,160.0,160.0,0.0,0.0,0.0,0.5,0.5,0,0,0,0,0.0,0.0,0,0,0
1304051,2022,2022-03-29,"Maharashtra Cricket Association Stadium, Pune",Rajasthan Royals,Sunrisers Hyderabad,0.2,0.4,135.6,150.0,154.8,158.8,0.0,0.0,0.5,0.5,0.5,0,0,0,0,0.0,0.0,0,0,1
1304052,2022,2022-03-30,"Dr DY Patil Sports Academy, Mumbai",Kolkata Knight Riders,Royal Challengers Bangalore,0.8,0.4,148.8,162.0,136.2,162.0,0.0,0.0,1.0,0.6,0.6666666666666666,0,0,2,0,0.9510939510939513,-0.21972253468316616,2,6,0
1304053,2022,2022-03-31,"Brabourne Stadium, Mumbai",Chennai Super Kings,Lucknow Super Giants,0.4,0.0,153.2,158.0,149.6,161.0,0.0,0.0,0.0,0.4,0.0,0,0,0,0,-0.9510939510939513,-0.33830978405758483,9,7,0
1304054,2022,2022-04-01,"Wankhede Stadium, Mumbai",Punjab Kings,Kolkata Knight Riders,0.6,0.6,161.6,140.2,161.0,145.6,0.0,1.0,1.0,0.5,0.5,0,0,2,2,0.21972253468316616,0.5405395722116735,5,2,0
1304056,2022,2022-04-02,"Maharashtra Cricket Association Stadium, Pune",Gujarat Titans,Delhi Capitals,1.0,0.4,161.0,157.8,158.0,157.6,0.0,0.0,0.0,1.0,0.4,0,0,2,2,0.33830978405758483,0.4745691467002935,4,3,1
1304055,2022,2022-04-02,"Dr DY Patil Sports Academy, Mumbai",Rajasthan Royals,Mumbai Indians,0.4,0.6,144.8,154.4,151.2,145.8,0.0,0.0,0.0,0.4444444444444444,0.5,0,0,2,0,2.5403076923076915,-0.4745691467002935,3,9,1
1304057,2022,2022-04-03,"Brabourne Stadium, Mumbai",Punjab Kings,Chennai Super Kings,0.6,0.4,162.0,168.0,161.8,164.0,0.0,0.0,1.0,0.4444444444444444,0.3,0,0,2,0,-0.9958454974174717,-0.38313253012048243,7,8,1
1304058,2022,2022-04-04,"Dr DY Patil Sports Academy, Mumbai",Lucknow Super Giants,Sunrisers Hyderabad,0.5,0.2,184.5,146.4,185.5,168.0,0.0,0.0,0.0,0.5,0.5555555555555556,0,0,2,0,-0.37196267737964206,-2.5403076923076915,7,10,1
1304059,2022,2022-04-05,"Wankhede Stadium, Mumbai",Rajasthan Royals,Royal Challengers Bangalore,0.6,0.4,153.6,155.6,154.6,156.0,0.0,0.0,0.0,0.4,0.7,0,0,4,2,1.9394301470588236,-0.211919421764156,1,7,0
1304060,2022,2022-04-06,"Maharashtra Cricket Association Stadium, Pune",Mumbai Indians,Kolkata Knight Riders,0.4,0.6,161.0,140.6,157.4,145.4,0.0,0.0,0.0,0.5555555555555556,0.5,0,0,0,4,-0.9232804232804224,1.0095631946239338,9,2,0
1304061,2022,2022-04-07,"Dr DY Patil Sports Academy, Mumbai",Delhi Capitals,Lucknow Super Giants,0.2,0.6666666666666666,161.4,179.33333333333334,164.6,176.0,0.0,1.0,0.0,0.4,0.3333333333333333,0,0,2,4,-0.08780487804878057,0.06885388061858677,7,4,0
1304062,2022,2022-04-08,"Brabourne Stadium, Mumbai",Punjab Kings,Gujarat Titans,0.6,1.0,164.4,166.0,154.0,157.5,1.0,0.0,0.0,0.4,0.5,0,0,4,4,-0.2004535728882022,0.47879038254978035,6,4,0
1304063,2022,2022-04-09,"Dr DY Patil Sports Academy, Mumbai",Chennai Super Kings,Sunrisers Hyderabad,0.4,0.2,166.4,151.0,172.2,174.0,0.0,0.0,1.0,0.3,0.6,0,0,0,0,-0.667181570406898,-1.7450199203187244,8,10,0
1304064,2022,2022-04-09,"Maharashtra Cricket Association Stadium, Pune",Mumbai Indians,Royal Challengers Bangalore,0.4,0.6,167.4,162.8,163.4,161.6,0.0,0.0,0.0,0.5,0.7,0,0,0,4,-1.2519476423277087,-0.008418254319893848,10,5,0
1304065,2022,2022-04-10,"Brabourne Stadium, Mumbai",Delhi Capitals,Kolkata Knight Riders,0.2,0.6,158.4,145.8,162.4,150.6,1.0,0.0,0.0,0.4,0.5,0,0,2,6,-0.20658146201624383,1.2282909415439534,7,1,1
1304066,2022,2022-04-10,"Wankhede Stadium, Mumbai",Rajasthan Royals,Lucknow Super Giants,0.4,0.75,149.4,173.25,151.4,169.25,0.0,0.0,0.0,0.4,0.5,0,0,4,6,1.177635288957581,0.16039245135170432,5,3,1
1304067,2022,2022-04-11,"Dr DY Patil Sports Academy, Mumbai",Gujarat Titans,Sunrisers Hyderabad,1.0,0.4,174.0,159.0,168.0,181.0,0.0,0.5,0.0,0.6666666666666666,0.6,0,0,6,2,0.31483190507580794,-0.8432692874403251,3,8,0
1304068,2022,2022-04-12,"Dr DY Patil Sports Academy, Mumbai",Chennai Super Kings,Royal Challengers Bangalore,0.2,0.6,162.6,160.0,168.8,159.0,0.0,0.5,1.0,0.3,0.8,0,0,0,6,-0.7681159420289854,0.14103779975612873,9,3,1
1304069,2022,2022-04-13,"Maharashtra Cricket Association Stadium, Pune",Punjab Kings,Mumbai Indians,0.6,0.2,170.6,178.8,159.2,175.8,0.0,0.0,0.0,0.4,0.5,0,0,4,0,-0.16167032967033101,-1.0782005072753957,7,10,1
1304070,2022,2022-04-14,"Dr DY Patil Sports Academy, Mumbai",Gujarat Titans,Rajasthan Royals,0.75,0.6,171.0,164.4,168.0,165.0,0.0,1.0,0.0,0.5,0.4,0,0,6,6,-0.004749810337434823,0.8895581617829436,4,1,1
1304071,2022,2022-04-15,"Brabourne Stadium, Mumbai",Kolkata Knight Riders,Sunrisers Hyderabad,0.6,0.4,147.0,164.4,155.2,186.0,0.0,0.0,1.0,0.6,0.6,0,0,6,4,0.6073173412805035,-0.39489511879908523,2,8,0
1304072,2022,2022-04-16,"Brabourne Stadium, Mumbai",Lucknow Super Giants,Mumbai Indians,0.6,0.0,171.0,169.0,168.4,176.8,1.0,0.0,0.0,0.6,0.6,0,0,6,0,0.12580645161290427,-0.95166842485148,4,10,1
1304073,2022,2022-04-16,"Wankhede Stadium, Mumbai",Royal Challengers Bangalore,Delhi Capitals,0.6,0.4,171.0,167.0,174.4,162.0,1.0,0.0,1.0,0.9,0.4,0,0,6,4,-0.13863844348068355,0.3190184049079754,6,8,1
1304074,2022,2022-04-17,"Dr DY Patil Sports Academy, Mumbai",Punjab Kings,Sunrisers Hyderabad,0.6,0.6,182.4,161.0,169.6,174.0,1.0,0.6666666666666666,1.0,0.3,0.6,0,0,6,6,-0.045141065830721416,-0.13891817370853943,6,7,0
1304075,2022,2022-04-17,"Maharashtra Cricket Association Stadium, Pune",Chennai Super Kings,Gujarat Titans,0.2,0.8,167.4,175.2,174.4,165.4,0.0,1.0,0.0,0.2,0.4,0,0,2,8,-0.3565236861465628,0.32934188643383244,9,1,0
1304076,2022,2022-04-18,"Brabourne Stadium, Mumbai",Rajasthan Royals,Kolkata Knight Riders,0.6,0.4,178.4,155.4,169.2,164.2,0.0,0.0,0.0,0.4,0.6,0,0,6,6,0.3871440381558049,0.3739233876561068,5,6,1
1304077,2022,2022-04-19,"Dr DY Patil Sports Academy, Mumbai",Royal Challengers Bangalore,Lucknow Super Giants,0.8,0.8,167.8,179.2,167.4,172.4,0.3333333333333333,1.0,0.0,0.8,0.5,0,0,8,8,-0.00811907983761806,0.261073825503356,5,3,1
1304078,2022,2022-04-20,"Brabourne Stadium, Mumbai",Punjab Kings,Delhi Capitals,0.4,0.4,171.0,174.6,159.0,172.6,0.5,1.0,0.0,0.3,0.5,0,0,6,4,-0.1505701332600644,0.12534914256157137,7,8,0
1304079,2022,2022-04-21,"Dr DY Patil Sports Academy, Mumbai",Mumbai Indians,Chennai Super Kings,0.0,0.2,169.8,175.0,180.8,181.8,0.0,0.5,0.0,0.6,0.2,0,0,0,2,-0.9539340282735971,-0.35046972570680524,10,9,0
1304080,2022,2022-04-22,"Wankhede Stadium, Mumbai",Rajasthan Royals,Delhi Capitals,0.6,0.4,179.8,162.6,181.4,160.2,0.5,0.0,0.0,0.3,0.5,0,0,8,6,0.4206349206349209,0.7544466403162051,3,6,1
1304082,2022,2022-04-23,"Brabourne Stadium, Mumbai",Royal Challengers Bangalore,Sunrisers Hyderabad,0.8,0.8,177.6,161.6,174.4,162.2,0.0,1.0,0.0,0.7,0.7,0,0,10,8,0.11778290993071572,-0.002313691409996821,3,5,0
1304081,2022,2022-04-23,"Dr DY Patil Sports Academy, Mumbai",Gujarat Titans,Kolkata Knight Riders,0.8,0.4,177.0,171.8,167.6,181.2,0.5,0.0,0.0,0.5,0.7,1,1,10,6,0.32760877936080135,0.24484501498412214,3,7,1
1304083,2022,2022-04-24,"Wankhede Stadium, Mumbai",Lucknow Super Giants,Mumbai Indians,0.6,0.0,169.6,166.8,166.6,173.4,0.0,0.0,1.0,0.5714285714285714,0.5,0,0,8,0,0.09906360926489732,-0.7715016838000714,5,10,1
1304084,2022,2022-04-25,"Wankhede Stadium, Mumbai",Punjab Kings,Chennai Super Kings,0.4,0.4,166.6,164.2,154.6,170.6,0.0,0.0,1.0,0.3,0.3,0,0,6,4,-0.6895140664961641,-0.33007130895143355,8,9,1
1304085,2022,2022-04-26,"Maharashtra Cricket Association Stadium, Pune",Rajasthan Royals,Royal Challengers Bangalore,0.6,0.6,185.6,156.6,188.8,155.0,1.0,1.0,0.0,0.3,0.6,0,0,10,10,0.5026018099547525,-0.40374128412486776,3,5,1
1304086,2022,2022-04-27,"Wankhede Stadium, Mumbai",Sunrisers Hyderabad,Gujarat Titans,1.0,0.8,144.6,174.0,142.0,165.8,0.0,1.0,1.0,0.8,0.5714285714285714,0,0,10,12,0.5620988283239949,0.32706904086959554,3,2,0
1304087,2022,2022-04-28,"Wankhede Stadium, Mumbai",Kolkata Knight Riders,Delhi Capitals,0.2,0.4,173.2,172.6,185.0,170.4,1.0,0.0,0.6666666666666666,0.7,0.5,0,0,6,6,0.16018505261650695,0.5093884582256685,8,7,0
1304088,2022,2022-04-29,"Maharashtra Cricket Association Stadium, Pune",Lucknow Super Giants,Punjab Kings,0.6,0.4,169.4,168.0,161.6,164.6,0.0,1.0,0.0,0.5,0.2,0,0,10,8,0.32737349397590343,-0.5874702001812224,4,7,1
1304089,2022,2022-04-30,"Brabourne Stadium, Mumbai",Royal Challengers Bangalore,Gujarat Titans,0.4,0.8,149.2,175.8,153.6,167.0,0.0,1.0,0.0,0.6,0.625,1,1,10,14,-0.5090932146970877,0.3169228134766051,5,1,0
1304090,2022,2022-04-30,"Dr DY Patil Sports Academy, Mumbai",Rajasthan Royals,Mumbai Indians,0.8,0.0,180.6,161.0,177.2,174.6,0.5,0.0,0.5,0.2,0.6,0,0,12,0,0.613003095975234,-0.9116780602031955,2,10,0
1304092,2022,2022-05-01,"Maharashtra Cricket Association Stadium, Pune",Chennai Super Kings,Sunrisers Hyderabad,0.4,0.8,174.2,152.6,172.0,151.0,0.0,0.0,0.5,0.4,0.7,0,0,4,10,-0.29545178599304656,0.4743338225428193,9,4,1
1304091,2022,2022-05-01,"Wankhede Stadium, Mumbai",Lucknow Super Giants,Delhi Capitals,0.6,0.6,169.0,172.8,158.4,168.6,0.3333333333333333,0.3333333333333333,1.0,0.4444444444444444,0.6,1,1,12,8,0.43237694546374694,0.5240745125897863,3,6,1
1304093,2022,2022-05-02,"Wankhede Stadium, Mumbai",Rajasthan Royals,Kolkata Knight Riders,0.6,0.0,179.2,170.0,177.0,182.8,0.6666666666666666,0.6666666666666666,0.5,0.2,0.6,0,0,12,6,0.4773625648797424,0.06071152086705567,3,8,0
1304094,2022,2022-05-03,"Dr DY Patil Sports Academy, Mumbai",Gujarat Titans,Punjab Kings,1.0,0.4,178.2,156.8,167.4,157.2,0.6666666666666666,0.5,1.0,0.5555555555555556,0.3,1,1,16,8,0.30363012304022696,-0.647634080344134,1,8,0
1304095,2022,2022-05-04,"Maharashtra Cricket Association Stadium, Pune",Royal Challengers Bangalore,Chennai Super Kings,0.4,0.6,144.6,183.8,145.2,178.8,0.5,0.5,0.0,0.6,0.3,0,0,10,6,-0.4793330308529944,-0.1929756015654256,6,9,1
1304096,2022,2022-05-05,"Brabourne Stadium, Mumbai",Delhi Capitals,Sunrisers Hyderabad,0.4,0.6,167.6,156.8,173.4,159.0,1.0,1.0,1.0,0.6,0.8,0,0,8,10,0.5036251920122883,0.361040467425056,7,5,1
1304097,2022,2022-05-06,"Brabourne Stadium, Mumbai",Mumbai Indians,Gujarat Titans,0.2,0.8,163.0,168.4,175.8,165.4,0.0,1.0,0.0,0.6,0.6,0,0,2,16,-0.7376304408205376,0.0710813477233998,10,1,1
1304098,2022,2022-05-07,"Wankhede Stadium, Mumbai",Punjab Kings,Rajasthan Royals,0.4,0.6,146.2,178.6,148.6,170.2,0.5,0.5,0.0,0.2,0.1,1,1,10,12,-0.368677439065789,0.38119766716459935,7,3,0
1304099,2022,2022-05-07,"Maharashtra Cricket Association Stadium, Pune",Lucknow Super Giants,Kolkata Knight Riders,0.8,0.2,175.6,167.4,163.2,170.2,1.0,1.0,0.0,0.5,0.6,0,0,14,8,0.35942492012779503,0.1014534392428601,3,8,1
1304100,2022,2022-05-08,"Wankhede Stadium, Mumbai",Royal Challengers Bangalore,Sunrisers Hyderabad,0.4,0.4,141.4,158.8,142.6,165.4,1.0,0.0,0.0,0.6,0.9,1,1,12,10,-0.4178401898734174,0.23235794414658706,4,6,1
1304101,2022,2022-05-08,"Dr DY Patil Sports Academy, Mumbai",Chennai Super Kings,Delhi Capitals,0.4,0.6,172.6,174.4,174.8,172.8,0.6666666666666666,0.0,0.5,0.4,0.6,0,0,6,10,-0.18940354209425436,0.5525018572560221,9,5,1
1304102,2022,2022-05-09,"Dr DY Patil Sports Academy, Mumbai",Kolkata Knight Riders,Mumbai Indians,0.2,0.4,152.6,161.2,170.2,170.6,0.0,0.3333333333333333,1.0,0.6,0.5,0,0,8,4,-0.04992964723709292,-0.6666902946024651,9,10,1
1304103,2022,2022-05-10,"Maharashtra Cricket Association Stadium, Pune",Gujarat Titans,Lucknow Super Giants,0.6,0.8,168.8,171.0,167.0,147.2,1.0,1.0,1.0,0.6,0.5,1,1,16,16,0.06622823288209645,0.46599845647353,2,1,1
1304104,2022,2022-05-11,"Dr DY Patil Sports Academy, Mumbai",Rajasthan Royals,Delhi Capitals,0.6,0.4,173.2,174.0,166.0,191.4,0.3333333333333333,0.0,0.5,0.1,0.6,0,0,14,10,0.3926054548445883,0.2382275173510262,3,5,0
1304105,2022,2022-05-12,"Wankhede Stadium, Mumbai",Chennai Super Kings,Mumbai Indians,0.6,0.4,180.4,147.6,164.2,163.8,0.0,0.0,1.0,0.4,0.6,0,0,8,4,0.08837220685773062,-0.7223724604110604,9,10,0
1304106,2022,2022-05-13,"Brabourne Stadium, Mumbai",Punjab Kings,Royal Challengers Bangalore,0.4,0.4,153.8,143.6,156.2,135.0,0.3333333333333333,0.0,0.5,0.2,0.6,0,0,10,14,-0.3864791768107647,-0.13398910823689647,8,4,1
1304107,2022,2022-05-14,"Maharashtra Cricket Association Stadium, Pune",Kolkata Knight Riders,Sunrisers Hyderabad,0.4,0.2,143.6,153.4,149.4,173.6,0.5,0.0,0.5,0.6,0.8,1,1,10,10,0.0633519353448726,-0.06475584988962524,7,8,1
1304108,2022,2022-05-15,"Wankhede Stadium, Mumbai",Chennai Super Kings,Gujarat Titans,0.4,0.6,168.6,166.4,153.8,153.8,0.0,1.0,0.0,0.4,0.7,1,1,8,18,0.0032624269603260814,0.09652607333006102,9,1,0
1304109,2022,2022-05-15,"Brabourne Stadium, Mumbai",Rajasthan Royals,Lucknow Super Giants,0.4,0.8,160.8,154.8,156.8,139.8,1.0,1.0,1.0,0.1,0.4,1,1,14,16,0.2960830474891889,0.39896069697733605,3,2,1
1304110,2022,2022-05-16,"Dr DY Patil Sports Academy, Mumbai",Delhi Capitals,Punjab Kings,0.6,0.6,164.8,172.6,179.0,163.4,0.3333333333333333,0.6666666666666666,1.0,0.6,0.2,0,0,12,12,0.28500903277278944,-0.1076372273757169,5,7,1
1304111,2022,2022-05-17,"Wankhede Stadium, Mumbai",Sunrisers Hyderabad,Mumbai Indians,0.0,0.6,163.6,137.2,195.4,152.0,0.0,0.5,0.0,0.7,0.6,0,0,10,6,-0.26487093043816046,-0.5898108994959577,8,10,1
1304112,2022,2022-05-18,"Dr DY Patil Sports Academy, Mumbai",Lucknow Super Giants,Kolkata Knight Riders,0.6,0.6,152.0,149.4,149.0,142.8,0.6666666666666666,0.3333333333333333,1.0,0.4,0.6,1,1,16,12,0.2517038163585372,0.24011863213401075,3,6,1
1304113,2022,2022-05-19,"Wankhede Stadium, Mumbai",Gujarat Titans,Royal Challengers Bangalore,0.6,0.4,154.0,161.0,141.4,162.4,1.0,1.0,1.0,0.6,0.6,1,1,20,14,0.14003001211332222,-0.35394119880287356,1,5,0
1304114,2022,2022-05-20,"Brabourne Stadium, Mumbai",Chennai Super Kings,Rajasthan Royals,0.4,0.4,160.0,167.6,143.8,164.6,0.0,1.0,0.0,0.4,0.2,1,1,8,16,-0.040782742978478836,0.38756361755980784,9,3,0
1304115,2022,2022-05-21,"Wankhede Stadium, Mumbai",Delhi Capitals,Mumbai Indians,0.6,0.6,166.6,148.8,178.2,157.0,0.25,0.3333333333333333,1.0,0.6,0.7,0,0,14,6,0.33706135950234106,-0.5796241926012922,5,10,0
1304116,2022,2022-05-22,"Wankhede Stadium, Mumbai",Sunrisers Hyderabad,Punjab Kings,0.2,0.4,163.2,163.6,193.6,160.0,0.3333333333333333,0.3333333333333333,0.5,0.6,0.3,1,1,12,12,-0.2001629878799438,-0.17499551140104153,8,7,0
1312197,2022,2022-05-24,"Eden Gardens, Kolkata",Rajasthan Royals,Gujarat Titans,0.6,0.4,166.2,152.8,162.4,141.4,0.0,0.0,0.0,0.2,0.7,0,0,18,20,0.3779952254678296,0.08845723343460499,2,1,0
1312198,2022,2022-05-25,"Eden Gardens, Kolkata",Royal Challengers Bangalore,Lucknow Super Giants,0.6,0.6,172.0,163.4,167.2,164.0,0.0,0.0,1.0,0.5,0.4,0,0,16,18,-0.2895549675792912,0.2643227171014324,4,3,1
1312199,2022,2022-05-27,"Narendra Modi Stadium, Ahmedabad",Royal Challengers Bangalore,Rajasthan Royals,0.8,0.6,179.4,173.4,171.0,169.0,0.0,0.0,0.6666666666666666,0.4,0.1,0,0,18,18,-0.20772799458871205,0.33410278879300037,4,2,0
1312200,2022,2022-05-29,"Narendra Modi Stadium, Ahmedabad",Rajasthan Royals,Gujarat Titans,0.6,0.6,167.6,162.4,162.6,150.0,1.0,0.0,0.0,0.2,0.8,1,1,20,22,0.40125885723469423,0.09844692230635843,2,1,0
1359475,2023,2023-03-31,"Narendra Modi Stadium, Ahmedabad",Chennai Super Kings,Gujarat Titans,0.2,0.8,149.6,154.6,136.2,140.6,0.0,1.0,0.0,0.5,0.7,0,0,0,0,0.0,0.0,0,0,0
1359476,2023,2023-04-01,"Punjab Cricket Association IS Bindra Stadium, Mohali, Chandigarh",Punjab Kings,Kolkata Knight Riders,0.6,0.6,169.0,161.8,160.8,154.8,0.0,0.0,0.5,0.3,0.5,0,0,0,0,0.0,0.0,0,0,1
1359477,2023,2023-04-01,"Bharat Ratna Shri Atal Bihari Vajpayee Ekana Cricket Stadium, Lucknow",Lucknow Super Giants,Delhi Capitals,0.4,0.6,163.0,160.6,167.6,171.2,0.0,0.0,1.0,0.4,0.6,0,0,0,0,0.0,0.0,0,0,1
1359479,2023,2023-04-02,"M Chinnaswamy Stadium, Bengaluru",Mumbai Indians,Royal Challengers Bangalore,0.6,0.6,148.6,176.2,157.2,171.2,0.0,0.0,0.0,0.8,0.4,0,0,0,0,0.0,0.0,0,0,0
1359478,2023,2023-04-02,"Rajiv Gandhi International Stadium, Uppal, Hyderabad",Rajasthan Royals,Sunrisers Hyderabad,0.6,0.2,161.6,156.8,157.0,185.2,0.0,0.0,0.6666666666666666,0.3,0.6,0,0,0,0,0.0,0.0,0,0,1
1359480,2023,2023-04-03,"MA Chidambaram Stadium, Chepauk, Chennai",Chennai Super Kings,Lucknow Super Giants,0.2,0.4,153.2,166.4,138.0,176.0,0.0,0.0,0.0,0.5,0.4,0,0,0,2,-0.1243733911394127,2.454476190476192,6,2,1
1359481,2023,2023-04-04,"Arun Jaitley Stadium, Delhi",Delhi Capitals,Gujarat Titans,0.4,0.8,147.8,162.2,172.6,159.8,0.0,0.0,0.0,0.6,0.7,0,0,0,2,-2.454476190476192,0.1243733911394127,9,6,0
1359482,2023,2023-04-05,"Barsapara Cricket Stadium, Guwahati",Punjab Kings,Rajasthan Royals,0.6,0.6,178.2,166.6,161.4,152.4,0.0,0.0,0.0,0.3,0.3,0,0,2,2,0.468588322246859,3.7455113192818112,6,2,1
1359483,2023,2023-04-06,"Eden Gardens, Kolkata",Kolkata Knight Riders,Royal Challengers Bangalore,0.4,0.6,159.4,172.2,162.6,180.4,0.0,1.0,0.6666666666666666,0.5,0.5,0,0,0,2,-0.468588322246859,2.225339366515837,7,3,1
1359484,2023,2023-04-07,"Bharat Ratna Shri Atal Bihari Vajpayee Ekana Cricket Stadium, Lucknow",Sunrisers Hyderabad,Lucknow Super Giants,0.2,0.4,145.8,191.0,184.4,190.6,0.0,1.0,0.0,0.6,0.4,1,1,0,2,-3.7455113192818112,0.5094252873563221,10,6,0
1359485,2023,2023-04-08,"Barsapara Cricket Stadium, Guwahati",Rajasthan Royals,Delhi Capitals,0.4,0.4,174.8,156.8,161.8,163.6,0.0,0.0,0.3333333333333333,0.4,0.5,0,0,2,0,1.8164855739226455,-1.6091633466135464,4,8,1
1359486,2023,2023-04-08,"Wankhede Stadium, Mumbai",Mumbai Indians,Chennai Super Kings,0.4,0.2,147.4,155.0,157.2,155.6,0.5,0.0,0.3333333333333333,0.7,0.5,0,0,0,2,-2.225339366515837,0.6734693877551017,9,6,0
1359488,2023,2023-04-09,"Rajiv Gandhi International Stadium, Uppal, Hyderabad",Punjab Kings,Sunrisers Hyderabad,0.8,0.2,179.8,145.0,161.8,171.4,0.0,0.0,0.6666666666666666,0.3,0.6,0,0,4,0,0.25842857142857234,-2.7821495732677564,5,10,0
1359487,2023,2023-04-09,"Narendra Modi Stadium, Ahmedabad",Gujarat Titans,Kolkata Knight Riders,0.8,0.6,167.4,180.0,165.6,152.0,1.0,0.0,1.0,0.7,0.5,1,1,4,2,0.4414942883606052,1.0192219679633876,4,6,0
1359489,2023,2023-04-10,"M Chinnaswamy Stadium, Bengaluru",Royal Challengers Bangalore,Lucknow Super Giants,0.6,0.6,165.8,185.6,179.4,179.2,1.0,0.0,1.0,0.6,0.4,0,0,2,4,-0.21835916572758762,0.9435929424345044,7,2,0
1359490,2023,2023-04-11,"Arun Jaitley Stadium, Delhi",Delhi Capitals,Mumbai Indians,0.2,0.4,153.0,156.2,171.4,156.0,0.0,0.0,0.6666666666666666,0.5,0.6,0,0,0,0,-2.0718344979558694,-1.4767973856209151,10,9,0
1359491,2023,2023-04-12,"MA Chidambaram Stadium, Chepauk, Chennai",Rajasthan Royals,Chennai Super Kings,0.6,0.4,177.0,167.4,152.0,166.4,0.0,1.0,1.0,0.4,0.5,0,0,4,4,2.2048941995458113,0.7368597133028345,2,4,1
1359492,2023,2023-04-13,"Punjab Cricket Association IS Bindra Stadium, Mohali, Chandigarh",Punjab Kings,Gujarat Titans,0.6,0.8,166.6,174.6,159.8,173.0,1.0,0.0,0.5,0.3,0.8,0,0,4,4,-0.3663853211009176,0.15514160636111818,6,5,0
1359493,2023,2023-04-14,"Eden Gardens, Kolkata",Sunrisers Hyderabad,Kolkata Knight Riders,0.4,0.6,149.4,188.4,164.6,170.2,0.0,1.0,0.3333333333333333,0.6,0.4,0,0,2,4,-1.368847627468317,0.8154851684263456,9,4,1
1359494,2023,2023-04-15,"M Chinnaswamy Stadium, Bengaluru",Royal Challengers Bangalore,Delhi Capitals,0.4,0.0,174.2,155.6,188.4,177.6,0.5,0.0,1.0,0.5,0.4,0,0,2,0,0.04235162998049624,-1.603956507866382,8,10,1
1359495,2023,2023-04-15,"Bharat Ratna Shri Atal Bihari Vajpayee Ekana Cricket Stadium, Lucknow",Lucknow Super Giants,Punjab Kings,0.6,0.6,186.2,168.8,180.0,158.8,1.0,0.0,1.0,0.5,0.3,0,0,6,4,0.6352654227711714,-0.4266495836002573,2,7,0
1359496,2023,2023-04-16,"Wankhede Stadium, Mumbai",Kolkata Knight Riders,Mumbai Indians,0.4,0.4,194.0,170.2,191.2,171.0,0.75,0.4,1.0,0.5,0.7,0,0,4,2,0.31601919807158296,-0.9029957871742873,6,9,0
1359497,2023,2023-04-16,"Narendra Modi Stadium, Ahmedabad",Gujarat Titans,Rajasthan Royals,0.8,0.6,167.2,179.8,166.0,155.0,0.6666666666666666,0.5,1.0,0.8,0.4,0,0,6,6,0.2991843148993496,1.7010250479253477,3,1,0
1359498,2023,2023-04-17,"M Chinnaswamy Stadium, Bengaluru",Chennai Super Kings,Royal Challengers Bangalore,0.4,0.4,175.2,167.6,174.0,180.0,0.0,0.6666666666666666,0.6666666666666666,0.5,0.4,0,0,4,4,0.4875209197409589,0.2638153189995158,5,6,1
1359499,2023,2023-04-18,"Rajiv Gandhi International Stadium, Uppal, Hyderabad",Mumbai Indians,Sunrisers Hyderabad,0.6,0.4,169.4,156.4,169.4,167.6,0.0,0.5,0.5,0.7,0.6,0,0,4,4,-0.3390313390313402,-0.7174084665181306,8,9,1
1359500,2023,2023-04-19,"Sawai Mansingh Stadium, Jaipur",Lucknow Super Giants,Rajasthan Royals,0.6,0.8,179.4,189.6,170.8,163.8,0.0,0.0,0.0,0.4,0.5,0,0,6,8,0.4174757281553383,1.4734640321086747,3,1,1
1359502,2023,2023-04-20,"Arun Jaitley Stadium, Delhi",Kolkata Knight Riders,Delhi Capitals,0.4,0.0,189.4,154.0,186.4,180.4,0.0,0.0,0.5,0.5,0.5,0,0,4,0,-0.05335063984157884,-1.4919394542502484,8,10,0
1359501,2023,2023-04-20,"Punjab Cricket Association IS Bindra Stadium, Mohali, Chandigarh",Royal Challengers Bangalore,Punjab Kings,0.4,0.6,179.8,169.0,193.0,159.2,0.0,0.5,0.3333333333333333,0.5,0.3,0,0,4,6,0.16266213570795784,-0.23603700048508713,7,6,1
1359503,2023,2023-04-21,"MA Chidambaram Stadium, Chepauk, Chennai",Sunrisers Hyderabad,Chennai Super Kings,0.4,0.6,160.6,190.4,174.0,187.4,0.0,0.5,0.3333333333333333,0.6,0.5,0,0,4,6,-0.7786019404616047,0.47979002624671985,9,3,0
1359505,2023,2023-04-22,"Wankhede Stadium, Mumbai",Punjab Kings,Mumbai Indians,0.4,0.6,160.8,175.8,164.8,173.2,0.5,0.6,0.5,0.4,0.6,0,0,6,6,-0.2835845270869317,-0.05843100398053913,7,6,1
1359504,2023,2023-04-22,"Bharat Ratna Shri Atal Bihari Vajpayee Ekana Cricket Stadium, Lucknow",Gujarat Titans,Lucknow Super Giants,0.6,0.6,176.0,171.6,175.8,171.0,0.0,0.6666666666666666,1.0,0.7,0.4,1,1,6,8,0.1368289864994967,0.44064996170259363,6,3,1
1359506,2023,2023-04-23,"M Chinnaswamy Stadium, Bengaluru",Royal Challengers Bangalore,Rajasthan Royals,0.4,0.6,180.2,177.8,188.8,168.4,0.5,0.0,0.5,0.4,0.5,0,0,6,8,0.19898016997167112,1.1353432101960284,6,1,1
1359507,2023,2023-04-23,"Eden Gardens, Kolkata",Chennai Super Kings,Kolkata Knight Riders,0.8,0.4,182.4,185.6,177.8,173.8,0.0,0.5,0.6666666666666666,0.5,0.4,0,0,8,4,0.5443777049563199,-0.151549942594718,2,8,1
1359508,2023,2023-04-24,"Rajiv Gandhi International Stadium, Uppal, Hyderabad",Delhi Capitals,Sunrisers Hyderabad,0.2,0.4,151.0,161.2,167.2,161.0,0.0,0.3333333333333333,1.0,0.6,0.5,1,1,2,4,-1.1303918376207536,-0.795782386627458,10,9,1
1359509,2023,2023-04-25,"Narendra Modi Stadium, Ahmedabad",Gujarat Titans,Mumbai Indians,0.6,0.6,166.6,181.8,165.8,181.6,0.5,0.0,0.0,0.7,0.7,0,0,8,6,0.17879092719471146,-0.08570715964659037,5,7,1
1359510,2023,2023-04-26,"M Chinnaswamy Stadium, Bengaluru",Kolkata Knight Riders,Royal Challengers Bangalore,0.2,0.6,182.0,193.4,196.2,184.4,0.0,0.6,0.75,0.4,0.3,0,0,4,8,-0.5422842245090322,0.22835171356510564,8,5,1
1359511,2023,2023-04-27,"Sawai Mansingh Stadium, Jaipur",Rajasthan Royals,Chennai Super Kings,0.6,0.8,175.8,186.0,166.8,174.0,0.0,0.0,1.0,0.6,0.5,1,1,8,10,0.9154816078877506,0.8736531270904351,3,1,1
1359512,2023,2023-04-28,"Punjab Cricket Association IS Bindra Stadium, Mohali, Chandigarh",Lucknow Super Giants,Punjab Kings,0.6,0.4,156.2,164.2,154.6,166.6,0.0,0.3333333333333333,0.5,0.4,0.3,0,0,8,8,0.32055749128919864,-0.22161172161172082,4,6,1
1359514,2023,2023-04-29,"Arun Jaitley Stadium, Delhi",Sunrisers Hyderabad,Delhi Capitals,0.4,0.4,164.4,147.4,164.4,162.0,0.0,0.3333333333333333,0.0,0.5,0.6,1,1,4,4,-0.7275835236187822,-0.9226705631111605,9,10,1
1359513,2023,2023-04-29,"Eden Gardens, Kolkata",Kolkata Knight Riders,Gujarat Titans,0.2,0.6,180.6,175.4,191.2,163.8,0.3333333333333333,1.0,0.5,0.4,0.7,0,0,6,10,-0.37294399596367356,0.5007386979217969,7,4,0
1359516,2023,2023-04-30,"Wankhede Stadium, Mumbai",Rajasthan Royals,Mumbai Indians,0.6,0.6,176.4,180.8,172.4,191.2,0.6,0.4,0.3333333333333333,0.7,0.7,1,1,10,6,0.9715627530364372,-0.41935002239585906,2,7,0
1359515,2023,2023-04-30,"MA Chidambaram Stadium, Chepauk, Chennai",Chennai Super Kings,Punjab Kings,0.6,0.4,188.2,175.8,183.0,189.0,0.6666666666666666,0.0,0.0,0.5,0.4,1,1,10,8,0.5992021929465672,-0.5439987799298454,4,7,0
1359517,2023,2023-05-01,"Bharat Ratna Shri Atal Bihari Vajpayee Ekana Cricket Stadium, Lucknow",Royal Challengers Bangalore,Lucknow Super Giants,0.6,0.6,186.8,182.2,181.8,170.6,0.0,0.5,0.6666666666666666,0.4,0.4,1,1,8,10,0.09937596506326862,0.6100070472163495,6,3,1
1359518,2023,2023-05-02,"Narendra Modi Stadium, Ahmedabad",Delhi Capitals,Gujarat Titans,0.4,0.8,156.6,170.6,161.6,158.2,1.0,0.6,0.0,0.5,0.7,1,1,4,12,-0.8135828517261405,0.5607965057506341,10,1,1
1359520,2023,2023-05-03,"Punjab Cricket Association IS Bindra Stadium, Mohali, Chandigarh",Punjab Kings,Mumbai Indians,0.6,0.6,185.4,189.0,198.2,199.2,0.25,0.0,0.6666666666666666,0.3,0.6,0,0,10,8,-0.46385328713980556,-0.2786138205196096,6,7,0
1359521,2023,2023-05-04,"Rajiv Gandhi International Stadium, Uppal, Hyderabad",Kolkata Knight Riders,Sunrisers Hyderabad,0.2,0.4,175.4,174.8,181.6,173.4,0.0,0.25,0.5,0.3,0.6,1,1,6,6,-0.44711824023893065,-0.6301269437049051,8,9,1
1359522,2023,2023-05-05,"Sawai Mansingh Stadium, Jaipur",Rajasthan Royals,Gujarat Titans,0.4,0.6,183.8,164.8,180.8,153.6,0.5,0.0,0.25,0.7,0.6,1,1,10,12,0.7894570324115371,0.46542336441588894,2,1,0
1359523,2023,2023-05-06,"MA Chidambaram Stadium, Chepauk, Chennai",Mumbai Indians,Chennai Super Kings,0.6,0.6,195.0,193.8,205.0,188.2,0.0,0.5,0.25,0.6,0.5,0,0,10,10,-0.1359461932197501,0.5123408364009414,6,2,0
1359524,2023,2023-05-06,"Arun Jaitley Stadium, Delhi",Royal Challengers Bangalore,Delhi Capitals,0.6,0.6,177.2,148.2,173.2,152.0,0.0,0.25,1.0,0.5,0.6,1,1,10,6,0.1860465116279073,-0.6959770068673468,5,10,0
1359526,2023,2023-05-07,"Sawai Mansingh Stadium, Jaipur",Rajasthan Royals,Sunrisers Hyderabad,0.2,0.2,171.6,162.4,169.2,166.6,0.3333333333333333,0.0,0.75,0.7,0.6,1,1,10,6,0.5110617735405505,-0.5839640687983731,3,10,0
1359525,2023,2023-05-07,"Narendra Modi Stadium, Ahmedabad",Gujarat Titans,Lucknow Super Giants,0.8,0.4,153.2,161.2,141.4,153.4,0.4,0.0,1.0,0.6,0.3,0,0,14,10,0.6346269535769125,0.4311899771664782,1,4,1
1359527,2023,2023-05-08,"Eden Gardens, Kolkata",Punjab Kings,Kolkata Knight Riders,0.4,0.4,196.0,172.6,209.6,177.6,0.0,0.25,0.6666666666666666,0.3,0.4,1,1,10,8,-0.5226589331918934,-0.37179976532790526,7,8,0
1359528,2023,2023-05-09,"Wankhede Stadium, Mumbai",Royal Challengers Bangalore,Mumbai Indians,0.6,0.4,169.8,184.4,165.4,197.4,1.0,0.6,1.0,0.6,0.5,0,0,10,10,-0.015700325732899145,-0.2267634875783635,5,6,0
1359529,2023,2023-05-10,"MA Chidambaram Stadium, Chepauk, Chennai",Chennai Super Kings,Delhi Capitals,0.6,0.8,176.6,155.4,172.4,153.4,0.6,0.0,0.6666666666666666,0.5,0.6,1,1,12,8,0.5574061005875404,-0.46163480003339696,2,9,1
1359530,2023,2023-05-11,"Eden Gardens, Kolkata",Kolkata Knight Riders,Rajasthan Royals,0.6,0.2,183.6,185.6,187.8,181.8,0.4,0.0,0.6666666666666666,0.3,0.8,0,0,10,10,-0.30329629407970415,0.44699708969045027,7,4,0
1359531,2023,2023-05-12,"Wankhede Stadium, Mumbai",Mumbai Indians,Gujarat Titans,0.6,0.8,184.2,171.6,194.4,150.0,0.6,0.75,0.5,0.6,0.5,0,0,12,16,-0.08579735128177113,0.8342422779922778,4,1,1
1359532,2023,2023-05-13,"Rajiv Gandhi International Stadium, Uppal, Hyderabad",Sunrisers Hyderabad,Lucknow Super Giants,0.4,0.4,170.2,163.6,171.0,166.6,0.2,0.0,0.0,0.5,0.3,1,1,8,10,-0.5137968693119763,0.11576435741319635,10,5,0
1359533,2023,2023-05-13,"Arun Jaitley Stadium, Delhi",Punjab Kings,Delhi Capitals,0.4,0.6,201.8,157.8,211.2,161.4,0.0,0.4,0.0,0.4,0.5,0,0,10,8,-0.506414279784142,-0.5098916710677397,7,10,1
1359534,2023,2023-05-14,"Sawai Mansingh Stadium, Jaipur",Royal Challengers Bangalore,Rajasthan Royals,0.4,0.4,174.8,179.4,175.4,173.8,0.0,0.25,0.6,0.5,0.8,1,1,10,12,-0.12958826709094495,0.658029369289503,7,4,1
1359535,2023,2023-05-14,"MA Chidambaram Stadium, Chepauk, Chennai",Chennai Super Kings,Kolkata Knight Riders,0.6,0.6,182.4,176.2,173.6,171.0,0.6,0.0,0.75,0.6,0.3,1,1,14,10,0.58626330828797,-0.5309896114166595,2,8,0
1359536,2023,2023-05-15,"Narendra Modi Stadium, Ahmedabad",Gujarat Titans,Sunrisers Hyderabad,0.6,0.4,168.4,179.8,163.2,180.4,0.4,0.0,0.5,0.5,0.5,0,0,16,8,0.6391650674004019,-0.49411422661188276,1,9,1
1359537,2023,2023-05-16,"Bharat Ratna Shri Atal Bihari Vajpayee Ekana Cricket Stadium, Lucknow",Lucknow Super Giants,Mumbai Indians,0.4,0.8,169.8,197.4,174.2,191.2,0.4,0.0,1.0,0.3,0.6,0,0,12,14,0.1306973120373982,0.053068948611246114,5,3,1
1359538,2023,2023-05-17,"Himachal Pradesh Cricket Association Stadium, Dharamsala",Delhi Capitals,Punjab Kings,0.4,0.4,156.2,192.4,167.4,198.2,0.0,0.0,0.75,0.6,0.4,0,0,8,12,-0.5723037695792694,-0.3547031237403715,9,7,1
1359539,2023,2023-05-18,"Rajiv Gandhi International Stadium, Uppal, Hyderabad",Sunrisers Hyderabad,Royal Challengers Bangalore,0.4,0.4,183.2,171.2,189.2,150.8,0.2,0.0,0.6666666666666666,0.5,0.5,0,0,8,12,-0.5730619533222665,-0.013974835416549425,10,6,0
1359540,2023,2023-05-19,"Himachal Pradesh Cricket Association Stadium, Dharamsala",Punjab Kings,Rajasthan Royals,0.4,0.2,191.8,150.8,189.4,174.0,0.0,0.0,0.3333333333333333,0.5,0.8,0,0,12,12,-0.38122191721277154,0.5112455994886442,7,6,0
1359541,2023,2023-05-20,"Arun Jaitley Stadium, Delhi",Chennai Super Kings,Delhi Capitals,0.4,0.6,164.2,161.2,165.8,167.6,0.0,0.4,0.75,0.7,0.5,1,1,14,10,0.4812227553118582,-0.4736620341271509,2,9,1
1359542,2023,2023-05-20,"Eden Gardens, Kolkata",Lucknow Super Giants,Kolkata Knight Riders,0.6,0.6,179.6,165.6,181.6,164.0,0.0,0.2,1.0,0.2,0.3,0,0,14,12,0.16760757338326115,-0.43213582376182025,4,8,1
1359543,2023,2023-05-21,"Wankhede Stadium, Mumbai",Sunrisers Hyderabad,Mumbai Indians,0.2,0.6,181.0,189.0,189.0,184.2,0.25,0.8,0.3333333333333333,0.4,0.6,0,0,8,14,-0.5494258445978044,-0.00031226355043578735,10,6,0
1359544,2023,2023-05-21,"M Chinnaswamy Stadium, Bengaluru",Royal Challengers Bangalore,Gujarat Titans,0.6,0.6,172.8,170.0,148.0,158.2,0.4,0.0,0.5,0.6,0.4,0,0,14,18,0.007283724389296253,0.7009558763067876,6,1,0
1370350,2023,2023-05-23,"MA Chidambaram Stadium, Chepauk, Chennai",Chennai Super Kings,Gujarat Titans,0.6,0.8,174.8,184.6,154.6,171.6,0.6,0.0,0.0,0.7,0.4,0,0,16,20,0.7197814277022356,0.6653122035218377,2,1,1
1370351,2023,2023-05-24,"MA Chidambaram Stadium, Chepauk, Chennai",Mumbai Indians,Lucknow Super Giants,0.6,0.6,186.0,163.4,181.4,176.4,0.0,0.0,0.0,0.6,0.2,1,1,16,16,0.07431523346012447,0.14793786379108198,4,3,1
1370352,2023,2023-05-26,"Narendra Modi Stadium, Ahmedabad",Gujarat Titans,Mumbai Indians,0.6,0.8,192.2,194.6,182.4,173.6,0.6,0.0,0.3333333333333333,0.5,0.7,0,0,20,18,0.5217762100213026,0.2153820906952575,1,3,1
1370353,2023,2023-05-29,"Narendra Modi Stadium, Ahmedabad",Gujarat Titans,Chennai Super Kings,0.6,0.8,193.4,169.2,182.4,145.8,0.8,0.0,0.75,0.4,0.6,0,0,22,18,0.6300758627876775,0.7668412076239495,1,2,0
1422119,2024,2024-03-22,"MA Chidambaram Stadium, Chepauk, Chennai",Royal Challengers Bengaluru,Chennai Super Kings,0.0,0.8,160.0,175.4,160.0,160.8,0.0,0.6,0.0,0.5,0.7,1,1,0,0,0.0,0.0,0,0,0
1422121,2024,2024-03-23,"Eden Gardens, Kolkata",Kolkata Knight Riders,Sunrisers Hyderabad,0.6,0.2,164.8,187.8,163.2,195.0,0.2,1.0,0.6,0.3,0.4,0,0,0,0,0.0,0.0,0,0,1
1422120,2024,2024-03-23,"Maharaja Yadavindra Singh International Cricket Stadium, Mullanpur",Delhi Capitals,Punjab Kings,0.4,0.2,164.4,189.0,187.2,187.2,0.0,0.0,0.8,0.5,0.5,0,0,0,0,0.0,0.0,0,0,0
1422122,2024,2024-03-24,"Sawai Mansingh Stadium, Jaipur",Rajasthan Royals,Lucknow Super Giants,0.4,0.6,146.2,162.0,168.6,187.6,0.2,1.0,0.6666666666666666,0.9,0.1,1,1,0,0,0.0,0.0,0,0,1
1422123,2024,2024-03-24,"Narendra Modi Stadium, Ahmedabad",Gujarat Titans,Mumbai Indians,0.6,0.6,198.0,188.8,173.0,180.4,0.6,0.0,0.5,0.4,0.7,0,0,0,0,0.0,0.0,0,0,1
1422124,2024,2024-03-25,"M Chinnaswamy Stadium, Bengaluru",Punjab Kings,Royal Challengers Bengaluru,0.4,0.0,181.6,173.0,178.8,176.0,0.0,0.0,0.0,0.5,1.0,0,0,2,0,0.2855631940772092,-0.7534883720930239,3,10,0
1422125,2024,2024-03-26,"MA Chidambaram Stadium, Chepauk, Chennai",Chennai Super Kings,Gujarat Titans,0.8,0.6,177.2,194.0,167.4,174.6,0.8,0.0,0.4,0.6,0.3,0,0,2,2,0.7534883720930239,0.2265932336742722,1,3,1
1422126,2024,2024-03-27,"Rajiv Gandhi International Stadium, Uppal, Hyderabad",Sunrisers Hyderabad,Mumbai Indians,0.0,0.4,185.2,177.6,193.8,175.8,0.0,1.0,0.25,0.4,0.7,0,0,0,0,0.282786885245903,-0.2265932336742722,7,8,1
1422127,2024,2024-03-28,"Sawai Mansingh Stadium, Jaipur",Rajasthan Royals,Delhi Capitals,0.6,0.2,161.2,161.8,179.4,186.4,0.4,0.0,0.5,0.9,0.4,0,0,2,0,0.7471424942849882,-0.2855631940772092,2,8,1
1422128,2024,2024-03-29,"M Chinnaswamy Stadium, Bengaluru",Royal Challengers Bengaluru,Kolkata Knight Riders,0.5,0.6,175.5,172.2,176.0,170.8,1.0,1.0,0.0,1.0,0.3,0,0,2,2,-0.2632653061224488,-0.282786885245903,5,6,0
1422129,2024,2024-03-30,"Bharat Ratna Shri Atal Bihari Vajpayee Ekana Cricket Stadium, Lucknow",Lucknow Super Giants,Punjab Kings,0.6,0.4,162.4,181.0,180.8,178.0,0.4,1.0,0.6666666666666666,0.1,0.4,1,1,0,2,-0.7471424942849882,0.02429149797570851,10,5,1
1422130,2024,2024-03-31,"Narendra Modi Stadium, Ahmedabad",Sunrisers Hyderabad,Gujarat Titans,0.2,0.4,204.2,183.0,206.0,176.4,0.0,0.8,0.3333333333333333,0.4,0.4,1,1,2,2,0.7279715035620562,-1.498463901689707,4,8,0
1422131,2024,2024-03-31,"Dr. Y.S. Rajasekhara Reddy ACA-VDCA Cricket Stadium, Visakhapatnam",Delhi Capitals,Chennai Super Kings,0.2,1.0,168.4,189.6,190.0,166.6,0.0,0.0,0.2,0.4,0.6,1,1,0,4,-0.3983609768838985,1.9776701342015413,9,1,1
1422132,2024,2024-04-01,"Wankhede Stadium, Mumbai",Mumbai Indians,Rajasthan Royals,0.4,0.8,192.4,155.4,195.8,170.6,0.8,0.6,0.75,0.8,0.8,0,0,0,4,-0.6804857224172274,0.629032258064516,10,3,0
1422133,2024,2024-04-02,"M Chinnaswamy Stadium, Bengaluru",Lucknow Super Giants,Royal Challengers Bengaluru,0.6,0.3333333333333333,165.2,177.66666666666666,180.0,179.33333333333334,1.0,0.5,0.0,0.2,0.6666666666666666,0,0,2,2,0.024096385542168974,-0.694857142857142,7,9,1
1422134,2024,2024-04-03,"Dr. Y.S. Rajasekhara Reddy ACA-VDCA Cricket Stadium, Visakhapatnam",Kolkata Knight Riders,Delhi Capitals,0.6,0.4,173.0,179.4,171.4,190.8,0.0,1.0,0.4,0.4,0.4,1,1,4,2,0.6928615222913201,0.1026808510638304,3,7,1
1422135,2024,2024-04-04,"Narendra Modi Stadium, Ahmedabad",Gujarat Titans,Punjab Kings,0.6,0.2,185.2,183.2,174.4,190.6,0.8,0.0,0.6666666666666666,0.4,0.4,0,0,4,2,-0.8479638668317921,-0.25295043273013285,5,7,0
1422136,2024,2024-04-05,"Rajiv Gandhi International Stadium, Uppal, Hyderabad",Chennai Super Kings,Sunrisers Hyderabad,0.8,0.2,179.2,205.8,175.6,202.0,0.0,0.2,0.75,0.6,0.5,0,0,4,2,0.9497827540106947,0.31014609109546676,3,7,0
1422137,2024,2024-04-06,"Sawai Mansingh Stadium, Jaipur",Royal Challengers Bengaluru,Rajasthan Royals,0.25,0.8,171.5,150.6,179.75,165.8,0.0,0.4,0.0,0.75,0.8,0,0,2,6,-0.7813350692389633,1.035704438930245,9,2,0
1422138,2024,2024-04-07,"Wankhede Stadium, Mumbai",Mumbai Indians,Delhi Capitals,0.2,0.2,177.2,170.0,181.2,205.6,0.8,0.2,0.5,0.7,0.4,0,0,0,2,-1.148653061844474,-0.7613098847786528,10,8,1
1422139,2024,2024-04-07,"Bharat Ratna Shri Atal Bihari Vajpayee Ekana Cricket Stadium, Lucknow",Lucknow Super Giants,Gujarat Titans,0.6,0.4,166.0,178.4,176.2,180.2,0.4,1.0,0.0,0.2,0.4,1,1,4,4,0.3736064690026968,-0.6661995205605749,5,7,1
1426260,2024,2024-04-08,"MA Chidambaram Stadium, Chepauk, Chennai",Kolkata Knight Riders,Chennai Super Kings,0.8,0.6,197.6,177.8,174.4,177.4,1.0,0.8,0.4,0.4,0.5,0,0,6,4,1.558705913957862,0.545454545454545,2,4,0
1426261,2024,2024-04-09,"Maharaja Yadavindra Singh International Cricket Stadium, Mullanpur",Sunrisers Hyderabad,Punjab Kings,0.4,0.4,201.8,183.6,197.6,187.8,0.0,1.0,0.5,0.5,0.4,0,0,4,4,0.44954296923911663,-0.15794649881982714,5,6,1
1426262,2024,2024-04-10,"Sawai Mansingh Stadium, Jaipur",Rajasthan Royals,Gujarat Titans,1.0,0.4,176.6,161.6,168.2,178.6,0.6,1.0,0.2,0.8,0.3,0,0,8,4,0.9830925853629218,-0.8690099726004252,1,7,0
1426263,2024,2024-04-11,"Wankhede Stadium, Mumbai",Royal Challengers Bengaluru,Mumbai Indians,0.2,0.2,173.8,187.6,181.6,202.0,0.0,0.8,0.0,0.6,0.7,0,0,2,2,-0.7890805157686192,-0.6474061648144254,10,8,0
1426264,2024,2024-04-12,"Bharat Ratna Shri Atal Bihari Vajpayee Ekana Cricket Stadium, Lucknow",Lucknow Super Giants,Delhi Capitals,0.6,0.2,163.4,181.8,167.2,207.8,0.6,0.0,1.0,0.3,0.4,1,1,6,2,0.701858273899103,-0.7706955627228496,4,9,0
1426265,2024,2024-04-13,"Maharaja Yadavindra Singh International Cricket Stadium, Mullanpur",Punjab Kings,Rajasthan Royals,0.4,0.8,182.2,178.0,186.4,170.6,0.5,0.0,0.25,0.5,0.7,0,0,4,8,-0.16017072369963792,0.7709315436241635,8,1,0
1426266,2024,2024-04-14,"Eden Gardens, Kolkata",Lucknow Super Giants,Kolkata Knight Riders,0.6,0.6,176.6,195.6,164.8,173.8,0.5,0.4,1.0,0.4,0.4,0,0,6,6,0.3321120146452117,0.7721264367816083,5,2,0
1426267,2024,2024-04-14,"Wankhede Stadium, Mumbai",Chennai Super Kings,Mumbai Indians,0.6,0.4,171.8,193.2,162.0,194.6,0.2,0.8,0.8,0.5,0.7,0,0,6,4,0.7321495009194976,0.010715652506696927,3,7,1
1426268,2024,2024-04-15,"M Chinnaswamy Stadium, Bengaluru",Sunrisers Hyderabad,Royal Challengers Bengaluru,0.6,0.2,198.2,178.4,193.4,186.2,0.0,0.3333333333333333,0.0,0.5,0.5,0,0,6,2,0.3894764674775235,-1.1060869565217395,4,10,1
1426269,2024,2024-04-16,"Eden Gardens, Kolkata",Kolkata Knight Riders,Rajasthan Royals,0.8,0.8,193.0,169.8,170.8,165.4,0.6,0.5,0.5,0.5,0.7,0,0,8,10,0.9799492385786799,0.7075208913649025,2,1,0
1426270,2024,2024-04-17,"Narendra Modi Stadium, Ahmedabad",Gujarat Titans,Delhi Capitals,0.4,0.4,167.8,181.0,185.4,205.8,0.6,1.0,0.6666666666666666,0.4,0.4,0,0,6,4,-0.7077466510882271,-0.4423027340700205,6,9,0
1426271,2024,2024-04-18,"Maharaja Yadavindra Singh International Cricket Stadium, Mullanpur",Mumbai Indians,Punjab Kings,0.4,0.2,198.0,176.2,202.2,182.0,0.0,0.3333333333333333,0.5,0.8,0.5,0,0,4,4,-0.1436257648168997,-0.20995962314939476,8,9,1
1426272,2024,2024-04-19,"Bharat Ratna Shri Atal Bihari Vajpayee Ekana Cricket Stadium, Lucknow",Chennai Super Kings,Lucknow Super Giants,0.6,0.6,177.8,174.2,164.6,158.6,0.0,0.6,0.5,0.4,0.3,0,0,8,6,0.765432098765432,0.01960563380281677,3,6,0
1426273,2024,2024-04-20,"Arun Jaitley Stadium, Delhi",Sunrisers Hyderabad,Delhi Capitals,0.8,0.6,214.8,164.8,204.2,186.6,0.5,0.4,0.25,0.5,0.5,0,0,8,6,0.5414031206709549,0.22786106549416552,4,6,1
1426275,2024,2024-04-21,"Maharaja Yadavindra Singh International Cricket Stadium, Mullanpur",Punjab Kings,Gujarat Titans,0.2,0.4,177.6,157.0,184.8,162.6,0.25,0.0,0.5,0.5,0.3,1,1,4,6,-0.2616558080406808,-1.2287311704379542,9,8,0
1426274,2024,2024-04-21,"Eden Gardens, Kolkata",Kolkata Knight Riders,Royal Challengers Bengaluru,0.6,0.0,196.0,195.2,174.8,208.4,0.4,0.0,1.0,0.4,0.5714285714285714,0,0,8,2,0.806903991370012,-1.1581949392829696,3,10,1
1426276,2024,2024-04-22,"Sawai Mansingh Stadium, Jaipur",Mumbai Indians,Rajasthan Royals,0.6,0.8,187.2,177.6,183.4,175.4,0.0,0.6,0.6,0.7,0.7,1,1,6,12,-0.037233579817311124,0.6094243029171231,7,1,0
1426277,2024,2024-04-23,"MA Chidambaram Stadium, Chepauk, Chennai",Chennai Super Kings,Lucknow Super Giants,0.4,0.6,171.8,170.4,172.0,158.2,0.8,0.0,0.3333333333333333,0.3,0.4,0,0,8,8,0.6384033246551635,0.03299809626367889,4,5,0
1426278,2024,2024-04-24,"Arun Jaitley Stadium, Delhi",Delhi Capitals,Gujarat Titans,0.4,0.4,166.4,152.6,205.6,158.6,0.2,1.0,0.5,0.5,0.2,0,0,6,8,-0.18253621378621432,-0.978862363241694,8,6,1
1426279,2024,2024-04-25,"Rajiv Gandhi International Stadium, Uppal, Hyderabad",Royal Challengers Bengaluru,Sunrisers Hyderabad,0.0,0.8,203.0,212.6,215.6,194.8,0.0,0.4,0.0,0.625,0.4,1,1,2,10,-0.972147647853042,0.9178265895953768,10,2,1
1426280,2024,2024-04-26,"Eden Gardens, Kolkata",Kolkata Knight Riders,Punjab Kings,0.6,0.2,203.2,170.4,182.6,174.2,0.6,0.0,0.5,0.4,0.6,0,0,10,4,0.636471221086607,-0.31423623903912734,2,9,0
1426281,2024,2024-04-27,"Arun Jaitley Stadium, Delhi",Delhi Capitals,Mumbai Indians,0.6,0.6,178.0,198.0,195.2,194.6,0.4,1.0,0.4,0.5,0.7,0,0,8,6,-0.11299443899247663,-0.1647293447293432,6,9,1
1426282,2024,2024-04-27,"Bharat Ratna Shri Atal Bihari Vajpayee Ekana Cricket Stadium, Lucknow",Lucknow Super Giants,Rajasthan Royals,0.6,0.8,176.8,188.8,169.6,186.2,0.8,0.0,0.25,0.5,0.6,0,0,10,14,0.028048543536367987,0.6558011021296526,4,1,0
1426284,2024,2024-04-28,"MA Chidambaram Stadium, Chepauk, Chennai",Chennai Super Kings,Sunrisers Hyderabad,0.4,0.8,179.6,214.4,176.4,202.4,0.8,0.0,0.6,0.2,0.3,0,0,8,10,0.5540925222794666,0.5481126760563377,6,2,1
1426283,2024,2024-04-28,"Narendra Modi Stadium, Ahmedabad",Gujarat Titans,Royal Challengers Bengaluru,0.4,0.2,156.8,213.6,163.4,213.6,0.4,0.0,0.0,0.3,0.6666666666666666,0,0,8,4,-0.9115157898788722,-0.6309579897919111,7,10,0
1426285,2024,2024-04-29,"Eden Gardens, Kolkata",Delhi Capitals,Kolkata Knight Riders,0.8,0.4,188.4,201.0,197.8,201.8,0.0,0.6,0.6,0.5,0.4,1,1,10,10,-0.019993899458054187,0.3914148242530455,5,3,0
1426286,2024,2024-04-30,"Bharat Ratna Shri Atal Bihari Vajpayee Ekana Cricket Stadium, Lucknow",Mumbai Indians,Lucknow Super Giants,0.4,0.4,200.6,183.4,205.0,183.4,0.0,0.6,0.25,0.7,0.5,0,0,6,10,-0.20974808550095503,-0.09178711484593904,9,5,0
1426287,2024,2024-05-01,"MA Chidambaram Stadium, Chepauk, Chennai",Chennai Super Kings,Punjab Kings,0.6,0.2,189.0,182.8,170.0,186.6,0.8,1.0,0.0,0.2,0.6,0,0,10,6,0.8384766584766581,-0.15659241347798414,4,8,0
1426288,2024,2024-05-02,"Rajiv Gandhi International Stadium, Uppal, Hyderabad",Sunrisers Hyderabad,Rajasthan Royals,0.6,0.8,208.0,190.8,211.8,188.8,0.4,1.0,0.4,0.4,0.7,1,1,10,16,0.1580048965484142,0.6995089389413458,5,1,1
1426289,2024,2024-05-03,"Wankhede Stadium, Mumbai",Kolkata Knight Riders,Mumbai Indians,0.6,0.2,205.0,189.6,204.2,194.8,0.6,0.6,0.75,0.4,0.6,0,0,12,6,0.601483757163475,-0.22338530556594094,2,9,1
1426290,2024,2024-05-04,"M Chinnaswamy Stadium, Bengaluru",Gujarat Titans,Royal Challengers Bengaluru,0.4,0.4,170.8,218.2,172.0,215.8,1.0,0.25,0.0,0.3,0.7,0,0,8,6,-1.0830182539104811,-0.307438016528927,8,10,0
1426291,2024,2024-05-05,"Himachal Pradesh Cricket Association Stadium, Dharamsala",Chennai Super Kings,Punjab Kings,0.4,0.4,193.2,179.4,175.2,182.6,0.0,0.0,0.0,0.1,0.7,0,0,10,8,0.6584591778087194,-0.04320362228492769,5,8,1
1426292,2024,2024-05-05,"Bharat Ratna Shri Atal Bihari Vajpayee Ekana Cricket Stadium, Lucknow",Kolkata Knight Riders,Lucknow Super Giants,0.6,0.6,206.4,179.0,201.0,178.2,0.0,0.6,0.25,0.3,0.6,0,0,14,12,0.6052968597920199,-0.04155939166279765,2,5,1
1426293,2024,2024-05-06,"Wankhede Stadium, Mumbai",Sunrisers Hyderabad,Mumbai Indians,0.6,0.2,211.8,181.4,215.8,187.4,0.2,0.4,0.4,0.5,0.6,0,0,12,6,0.17703306271205044,-0.26090006850289704,4,10,0
1426294,2024,2024-05-07,"Arun Jaitley Stadium, Delhi",Delhi Capitals,Rajasthan Royals,0.6,0.8,185.0,191.6,195.8,189.2,0.4,1.0,0.4,0.6,0.6,0,0,10,16,-0.2295922633148475,0.5946545049376031,6,2,1
1426295,2024,2024-05-08,"Rajiv Gandhi International Stadium, Uppal, Hyderabad",Lucknow Super Giants,Sunrisers Hyderabad,0.6,0.4,174.2,189.0,192.8,198.2,1.0,0.6,1.0,0.7,0.4,1,1,12,12,-0.31241830065359544,-0.008220083484220098,6,4,0
1426296,2024,2024-05-09,"Himachal Pradesh Cricket Association Stadium, Dharamsala",Royal Challengers Bengaluru,Punjab Kings,0.6,0.4,209.4,177.8,205.4,185.6,0.0,0.0,1.0,0.7,0.7,0,0,8,8,0.016667190396884024,-0.15836745125707985,7,9,1
1426297,2024,2024-05-10,"Narendra Modi Stadium, Ahmedabad",Gujarat Titans,Chennai Super Kings,0.2,0.4,160.4,185.4,163.2,165.8,0.4,0.5,0.4,0.3,0.1,0,0,8,12,-1.27868346151517,0.7160676185786983,10,4,1
1426298,2024,2024-05-11,"Eden Gardens, Kolkata",Kolkata Knight Riders,Mumbai Indians,0.8,0.2,208.8,177.8,183.6,185.4,0.6,0.0,0.8,0.3,0.6,0,0,16,8,0.8083224115334193,-0.09033077637172227,1,9,1
1426299,2024,2024-05-12,"MA Chidambaram Stadium, Chepauk, Chennai",Rajasthan Royals,Chennai Super Kings,0.6,0.4,201.4,189.4,204.0,176.0,1.0,0.6,1.0,0.6,0.2,1,1,16,12,0.39009599504541725,0.5188835118460595,2,4,0
1426300,2024,2024-05-12,"M Chinnaswamy Stadium, Bengaluru",Royal Challengers Bengaluru,Delhi Capitals,0.8,0.6,205.2,210.8,184.2,218.2,0.4,0.0,0.0,0.6,0.5,0,0,10,12,0.11786670478559991,-0.05677159244998542,7,5,1
1426302,2024,2024-05-14,"Arun Jaitley Stadium, Delhi",Delhi Capitals,Lucknow Super Giants,0.6,0.4,199.0,171.2,202.4,191.0,0.6,0.0,0.25,0.5,0.7,0,0,12,12,-0.19820529767654627,-0.6919970728524714,6,7,1
1426303,2024,2024-05-15,"Barsapara Cricket Stadium, Guwahati",Rajasthan Royals,Punjab Kings,0.4,0.4,184.8,177.4,188.4,195.4,0.5,1.0,0.8,0.7,0.8,1,1,16,8,0.28517649368425424,-0.25480327181516493,2,10,0
1426305,2024,2024-05-17,"Wankhede Stadium, Mumbai",Lucknow Super Giants,Mumbai Indians,0.2,0.2,166.4,169.8,190.6,180.2,0.5,0.6,0.8,0.8,0.7,0,0,12,8,-0.6946033929465969,-0.17152763514372538,7,10,1
1426306,2024,2024-05-18,"M Chinnaswamy Stadium, Bengaluru",Royal Challengers Bengaluru,Chennai Super Kings,1.0,0.6,198.4,176.4,167.8,161.6,0.4,1.0,0.0,0.6,0.2,0,0,12,14,0.24661213977104524,0.5432915346102618,7,3,1
1426307,2024,2024-05-19,"Rajiv Gandhi International Stadium, Uppal, Hyderabad",Punjab Kings,Sunrisers Hyderabad,0.6,0.4,178.0,169.2,195.0,191.4,0.0,0.8,0.4,0.8,0.4,1,1,10,14,-0.19654452690166835,0.42451267306174856,8,3,0
1426309,2024,2024-05-21,"Narendra Modi Stadium, Ahmedabad",Sunrisers Hyderabad,Kolkata Knight Riders,0.6,0.8,178.0,195.8,193.0,167.2,0.0,1.0,0.4,0.3,0.2,1,1,16,18,0.41565940189684625,0.8483655504932095,2,1,0
1426310,2024,2024-05-22,"Narendra Modi Stadium, Ahmedabad",Royal Challengers Bengaluru,Rajasthan Royals,1.0,0.2,200.8,177.0,171.8,181.6,1.0,0.6666666666666666,0.0,0.5,0.7,0,0,14,16,0.3183120947658882,0.22040555477306967,5,2,0
1426311,2024,2024-05-24,"MA Chidambaram Stadium, Chepauk, Chennai",Sunrisers Hyderabad,Rajasthan Royals,0.6,0.2,183.0,172.0,183.4,176.8,0.0,0.5,0.6,0.3,0.7,0,0,16,18,0.13764463899583212,0.22701914705505288,3,2,1
1426312,2024,2024-05-26,"MA Chidambaram Stadium, Chepauk, Chennai",Sunrisers Hyderabad,Kolkata Knight Riders,0.6,1.0,177.8,176.4,171.2,146.6,0.3333333333333333,0.5,0.2,0.3,0.1,1,1,18,20,0.22926227840513924,1.0588135849365905,2,1,0
1473438,2025,2025-03-22,"Eden Gardens, Kolkata",Kolkata Knight Riders,Royal Challengers Bengaluru,1.0,0.8,167.8,194.0,138.6,166.6,0.6,0.0,1.0,0.1,0.5,0,0,0,0,0.0,0.0,0,0,0
1473439,2025,2025-03-23,"Rajiv Gandhi International Stadium, Uppal, Hyderabad",Sunrisers Hyderabad,Rajasthan Royals,0.6,0.2,165.8,159.8,159.2,171.6,0.8,0.5,0.6,0.4,0.8,0,0,0,0,0.0,0.0,0,0,1
1473440,2025,2025-03-23,"MA Chidambaram Stadium, Chepauk, Chennai",Mumbai Indians,Chennai Super Kings,0.2,0.4,159.6,172.2,171.6,178.4,0.5,0.6,0.2,0.8,0.3,0,0,0,0,0.0,0.0,0,0,0
1473441,2025,2025-03-24,"Dr. Y.S. Rajasekhara Reddy ACA-VDCA Cricket Stadium, Visakhapatnam",Lucknow Super Giants,Delhi Capitals,0.4,0.6,170.0,195.8,190.0,196.2,0.0,0.5,0.6,0.7,0.5,0,0,0,0,0.0,0.0,0,0,0
1473442,2025,2025-03-25,"Narendra Modi Stadium, Ahmedabad",Punjab Kings,Gujarat Titans,0.4,0.4,168.4,188.8,185.8,184.0,0.5,0.4,0.4,0.8,0.2,0,0,0,0,0.0,0.0,0,0,1
1473443,2025,2025-03-26,"Barsapara Cricket Stadium, Guwahati",Rajasthan Royals,Kolkata Knight Riders,0.2,0.8,168.0,168.8,184.6,145.0,0.3333333333333333,0.0,0.6,0.8,0.0,0,0,0,0,-1.6464416856093713,-2.3079178885630505,9,10,0
1473444,2025,2025-03-27,"Rajiv Gandhi International Stadium, Uppal, Hyderabad",Sunrisers Hyderabad,Lucknow Super Giants,0.6,0.2,189.6,182.8,174.6,203.4,0.8,0.5,0.25,0.4,0.6,0,0,2,0,1.6464416856093713,-0.4308099173553721,2,7,0
1473445,2025,2025-03-28,"MA Chidambaram Stadium, Chepauk, Chennai",Royal Challengers Bengaluru,Chennai Super Kings,0.8,0.6,199.0,171.4,172.0,176.8,0.0,0.6,0.5,0.6,0.3,0,0,2,2,2.3079178885630505,0.5938983050847453,1,4,1
1473446,2025,2025-03-29,"Narendra Modi Stadium, Ahmedabad",Gujarat Titans,Mumbai Indians,0.2,0.2,206.0,161.8,204.2,174.2,0.2,0.0,0.6,0.3,0.7,0,0,0,0,-0.6964285714285712,-0.5938983050847453,9,8,1
1473447,2025,2025-03-30,"Dr. Y.S. Rajasekhara Reddy ACA-VDCA Cricket Stadium, Visakhapatnam",Sunrisers Hyderabad,Delhi Capitals,0.4,0.6,184.6,186.6,170.4,188.6,0.0,0.6666666666666666,0.4,0.4,0.5,1,1,2,2,-0.12176759410801985,0.4308099173553721,6,4,0
1473448,2025,2025-03-30,"Barsapara Cricket Stadium, Guwahati",Rajasthan Royals,Chennai Super Kings,0.2,0.4,170.0,167.2,186.2,188.2,0.25,0.0,0.8,0.7,0.4,0,0,0,2,-1.5193480700727076,-0.72411067193676,10,8,1
1473449,2025,2025-03-31,"Wankhede Stadium, Mumbai",Kolkata Knight Riders,Mumbai Indians,0.8,0.2,152.4,164.8,147.8,179.6,0.6,0.4,0.8,0.1,0.7,0,0,2,0,-0.44049672300793397,-1.064516129032258,6,10,0
1473450,2025,2025-04-01,"Bharat Ratna Shri Atal Bihari Vajpayee Ekana Cricket Stadium, Lucknow",Lucknow Super Giants,Punjab Kings,0.4,0.4,194.0,184.4,194.4,199.8,0.4,0.5,0.75,0.7,0.7,0,0,2,2,0.7399455383326359,0.6964285714285712,3,4,0
1473451,2025,2025-04-02,"M Chinnaswamy Stadium, Bengaluru",Royal Challengers Bengaluru,Gujarat Titans,0.8,0.4,190.0,201.2,165.0,191.4,0.6,0.5,1.0,0.5,0.3,0,0,4,2,2.0541527882239166,0.3961761191285955,1,4,0
1473452,2025,2025-04-03,"Eden Gardens, Kolkata",Kolkata Knight Riders,Sunrisers Hyderabad,0.6,0.4,144.2,185.4,144.2,170.8,0.6,0.5,0.8,0.1,0.4,0,0,2,2,-0.9803748231966063,-0.7127338420214411,9,8,1
1473453,2025,2025-04-04,"Bharat Ratna Shri Atal Bihari Vajpayee Ekana Cricket Stadium, Lucknow",Lucknow Super Giants,Mumbai Indians,0.4,0.2,195.2,154.2,196.4,168.2,0.4,0.0,0.8,0.6,0.8,0,0,2,2,-0.2524557084628114,-0.17762478485370092,7,6,1
1473455,2025,2025-04-05,"Maharaja Yadavindra Singh International Cricket Stadium, Mullanpur",Rajasthan Royals,Punjab Kings,0.4,0.6,177.6,192.0,192.4,200.6,1.0,0.2,0.6,0.7,0.8,0,0,2,4,-1.0030198446937018,1.506083490664988,9,1,1
1473454,2025,2025-04-05,"MA Chidambaram Stadium, Chepauk, Chennai",Delhi Capitals,Chennai Super Kings,0.8,0.4,189.2,163.2,189.8,178.4,0.0,0.6,0.2,0.5,0.5,1,1,4,2,1.1812261396811135,-0.4819051761635489,1,9,1
1473457,2025,2025-04-06,"Rajiv Gandhi International Stadium, Uppal, Hyderabad",Sunrisers Hyderabad,Gujarat Titans,0.2,0.6,174.4,195.2,183.0,184.0,0.8,0.0,0.25,0.4,0.4,0,0,2,4,-1.1303827751196174,0.6756191140565058,10,3,0
1473458,2025,2025-04-07,"Wankhede Stadium, Mumbai",Royal Challengers Bengaluru,Mumbai Indians,0.6,0.2,186.4,164.6,171.0,177.4,0.0,0.4,0.0,0.4,0.8,0,0,4,2,0.9863438256658608,-0.19769874476987326,3,8,1
1473456,2025,2025-04-08,"Eden Gardens, Kolkata",Lucknow Super Giants,Kolkata Knight Riders,0.6,0.6,198.0,151.4,193.0,136.4,0.3333333333333333,0.6,0.6,0.5,0.1,0,0,4,4,-0.1150053182409092,0.03758169934640598,7,5,1
1473459,2025,2025-04-08,"Maharaja Yadavindra Singh International Cricket Stadium, Mullanpur",Punjab Kings,Chennai Super Kings,0.6,0.2,186.8,165.8,193.4,186.8,0.0,0.0,0.8,0.8,0.5,1,1,4,2,0.04191728621063362,-0.7444214549768589,5,9,1
1473460,2025,2025-04-09,"Narendra Modi Stadium, Ahmedabad",Gujarat Titans,Rajasthan Royals,0.8,0.4,196.4,183.8,184.0,189.0,0.4,0.75,0.8,0.4,0.6,0,0,6,4,0.8847843399183084,-0.0848999879745076,2,6,1
1473461,2025,2025-04-10,"M Chinnaswamy Stadium, Bengaluru",Royal Challengers Bengaluru,Delhi Capitals,0.6,0.8,187.0,181.6,174.6,181.2,0.6,0.0,1.0,0.3,0.5,0,0,6,6,0.8599842767295591,1.2761743067345783,3,2,0
1473462,2025,2025-04-11,"MA Chidambaram Stadium, Chepauk, Chennai",Chennai Super Kings,Kolkata Knight Riders,0.2,0.4,167.8,175.4,187.0,161.4,0.4,0.6666666666666666,0.6,0.5,0.2,0,0,2,4,-0.8280135823429546,-0.1898846105606431,9,6,0
1473463,2025,2025-04-12,"Bharat Ratna Shri Atal Bihari Vajpayee Ekana Cricket Stadium, Lucknow",Gujarat Titans,Lucknow Super Giants,0.8,0.6,193.6,202.8,176.6,200.6,0.5,0.4,0.8,0.4,0.5,0,0,8,6,1.1118811986436068,0.07567340949586132,2,6,0
1473464,2025,2025-04-12,"Rajiv Gandhi International Stadium, Uppal, Hyderabad",Punjab Kings,Sunrisers Hyderabad,0.6,0.2,201.6,182.2,204.8,190.8,0.0,0.6,0.2,0.8,0.4,1,1,6,2,0.35283487502784894,-1.2199117943994757,6,9,0
1473465,2025,2025-04-13,"Sawai Mansingh Stadium, Jaipur",Rajasthan Royals,Royal Challengers Bengaluru,0.4,0.6,187.8,185.2,197.4,173.6,0.8,0.0,1.0,0.7,0.2,0,0,4,6,-0.4720872132636842,0.3868117041909098,7,5,0
1473466,2025,2025-04-13,"Arun Jaitley Stadium, Delhi",Mumbai Indians,Delhi Capitals,0.2,1.0,167.2,187.4,178.8,176.4,0.5,0.8,0.6,0.8,0.5,0,0,2,8,-0.24755900144841192,1.3275935600810325,9,1,1
1473467,2025,2025-04-14,"Bharat Ratna Shri Atal Bihari Vajpayee Ekana Cricket Stadium, Lucknow",Lucknow Super Giants,Chennai Super Kings,0.8,0.0,198.2,156.8,194.4,177.4,0.6,0.0,0.75,0.5,0.5,0,0,8,2,0.23163502496858257,-1.4379078873764692,4,10,0
1473468,2025,2025-04-15,"Maharaja Yadavindra Singh International Cricket Stadium, Mullanpur",Punjab Kings,Kolkata Knight Riders,0.6,0.6,207.8,162.0,211.2,146.6,0.2,0.0,0.6,0.8,0.3,1,1,6,6,0.14877546831165667,0.672727272727272,6,5,1
1473470,2025,2025-04-17,"Wankhede Stadium, Mumbai",Sunrisers Hyderabad,Mumbai Indians,0.2,0.4,174.4,177.2,191.4,185.8,0.2,0.4,0.4,0.4,0.8,0,0,4,4,-0.9013677866397192,-0.1612617970669703,9,7,0
1473471,2025,2025-04-18,"M Chinnaswamy Stadium, Bengaluru",Royal Challengers Bengaluru,Punjab Kings,0.6,0.6,184.8,181.4,173.4,183.8,0.6,0.0,1.0,0.2,0.8,0,0,8,8,0.4796289302237753,0.19669383501666182,3,4,0
1473473,2025,2025-04-19,"Sawai Mansingh Stadium, Jaipur",Lucknow Super Giants,Rajasthan Royals,0.6,0.4,192.8,174.0,190.0,175.2,0.5,0.6,0.2,0.4,0.6,1,1,8,4,0.15938268011900192,-0.5492811960897068,5,8,1
1473472,2025,2025-04-19,"Narendra Modi Stadium, Ahmedabad",Delhi Capitals,Gujarat Titans,0.8,0.8,184.4,183.2,179.6,165.2,1.0,0.6,0.6,0.6,0.4,0,0,8,8,1.0258867784278731,0.7644279762549591,3,4,0
1473474,2025,2025-04-20,"Maharaja Yadavindra Singh International Cricket Stadium, Mullanpur",Punjab Kings,Royal Challengers Bengaluru,0.6,0.4,165.6,164.6,168.6,163.8,0.4,0.0,0.3333333333333333,0.8,0.2,0,0,10,8,0.31459149013820387,0.29761789275985073,2,5,0
1473475,2025,2025-04-20,"Wankhede Stadium, Mumbai",Chennai Super Kings,Mumbai Indians,0.2,0.6,161.2,178.4,171.4,179.0,0.4,0.6,0.8,0.6,0.8,0,0,4,6,-1.1838519764508,0.05702777097853229,10,7,0
1473476,2025,2025-04-21,"Eden Gardens, Kolkata",Gujarat Titans,Kolkata Knight Riders,0.8,0.4,184.8,150.4,173.8,138.6,1.0,0.6,0.6666666666666666,0.4,0.3,0,0,10,6,0.7465354618309963,0.5058679500168868,1,7,1
1473477,2025,2025-04-22,"Bharat Ratna Shri Atal Bihari Vajpayee Ekana Cricket Stadium, Lucknow",Lucknow Super Giants,Delhi Capitals,0.8,0.6,194.6,182.8,190.2,178.6,0.4,0.5,0.4,0.4,0.6,0,0,10,8,0.11312368453633859,0.7437992693712747,4,5,0
1473478,2025,2025-04-23,"Rajiv Gandhi International Stadium, Uppal, Hyderabad",Sunrisers Hyderabad,Mumbai Indians,0.2,0.6,168.8,189.6,186.0,191.0,0.6,0.5,0.2,0.4,0.8,0,0,4,8,-0.9743421052631565,0.2828852149204959,9,6,0
1473479,2025,2025-04-24,"M Chinnaswamy Stadium, Bengaluru",Royal Challengers Bengaluru,Rajasthan Royals,0.6,0.4,162.6,179.4,161.2,180.6,0.4,0.0,0.3333333333333333,0.3,0.5,0,0,10,4,0.3596548030282971,-0.44269113878791444,4,8,1
1473480,2025,2025-04-25,"MA Chidambaram Stadium, Chepauk, Chennai",Chennai Super Kings,Sunrisers Hyderabad,0.2,0.2,161.2,164.8,170.4,182.0,0.4,0.25,0.6,0.5,0.3,0,0,4,4,-1.2660272325745492,-1.1541488158480995,10,9,0
1473482,2025,2025-04-27,"Wankhede Stadium, Mumbai",Mumbai Indians,Lucknow Super Giants,0.8,0.6,180.6,185.8,179.0,184.2,0.6,0.6,0.2,0.8,0.3,0,0,10,10,0.4982279891964492,-0.002355420566539479,4,6,1
1473483,2025,2025-04-27,"Arun Jaitley Stadium, Delhi",Delhi Capitals,Royal Challengers Bengaluru,0.6,0.6,181.8,159.4,177.8,158.2,0.8,0.0,0.5,0.6,0.3,0,0,10,12,0.7689814814814806,0.3197084885267465,4,3,0
1473484,2025,2025-04-28,"Sawai Mansingh Stadium, Jaipur",Gujarat Titans,Rajasthan Royals,0.8,0.2,190.4,181.8,171.8,186.4,1.0,0.4,0.8,0.4,0.5,0,0,12,4,0.8973669474681696,-0.3888841799358236,2,9,0
1473485,2025,2025-04-29,"Arun Jaitley Stadium, Delhi",Kolkata Knight Riders,Delhi Capitals,0.4,0.4,159.0,177.6,154.0,179.2,0.0,0.6,0.4,0.4,0.6,0,0,6,10,0.15841971597387783,0.5723669733207633,7,4,1
1473486,2025,2025-04-30,"MA Chidambaram Stadium, Chepauk, Chennai",Chennai Super Kings,Punjab Kings,0.2,0.6,160.4,166.0,164.8,159.4,0.2,1.0,0.2,0.5,0.7,0,0,4,10,-1.1378807780196833,0.16325009047260153,10,5,0
1473487,2025,2025-05-01,"Sawai Mansingh Stadium, Jaipur",Mumbai Indians,Rajasthan Royals,1.0,0.2,181.8,183.2,167.0,197.2,0.0,0.4,0.4,0.7,0.5,0,0,12,6,0.7282785258944813,-0.08886178167579573,2,8,1
1473488,2025,2025-05-02,"Narendra Modi Stadium, Ahmedabad",Gujarat Titans,Sunrisers Hyderabad,0.6,0.4,201.6,171.8,183.8,172.8,0.8,0.0,0.8,0.4,0.4,0,0,12,6,0.5479699317590825,-0.9798745421360024,3,9,1
1473489,2025,2025-05-03,"M Chinnaswamy Stadium, Bengaluru",Royal Challengers Bengaluru,Chennai Super Kings,0.8,0.2,159.8,158.2,156.8,159.8,0.4,0.5,0.6666666666666666,0.4,0.4,0,0,14,4,0.36342937052907054,-1.0953215552377253,3,10,1
1473490,2025,2025-05-04,"Eden Gardens, Kolkata",Kolkata Knight Riders,Rajasthan Royals,0.4,0.2,159.8,174.8,168.0,197.2,0.4,0.6666666666666666,0.4,0.4,0.5,1,1,8,6,0.1628862624439762,-0.375053515615841,7,8,1
1473491,2025,2025-05-04,"Himachal Pradesh Cricket Association Stadium, Dharamsala",Punjab Kings,Lucknow Super Giants,0.6,0.4,161.0,170.4,157.2,180.4,0.0,0.0,0.4,0.8,0.4,0,0,12,10,0.22958080131836311,-0.27380777989372795,4,7,1
1473493,2025,2025-05-06,"Wankhede Stadium, Mumbai",Mumbai Indians,Gujarat Titans,1.0,0.6,184.2,203.0,151.8,189.2,0.8,0.6,0.2,0.7,0.4,0,0,14,14,0.9508777018096062,0.7080243262609063,2,3,0
1473494,2025,2025-05-07,"Eden Gardens, Kolkata",Kolkata Knight Riders,Chennai Super Kings,0.6,0.2,154.2,179.8,161.4,181.0,0.4,1.0,0.6,0.5,0.4,1,1,10,4,0.13431384768789734,-0.9882780068868833,6,10,0
1473497,2025,2025-05-18,"Sawai Mansingh Stadium, Jaipur",Punjab Kings,Rajasthan Royals,0.8,0.2,159.2,181.2,147.6,203.4,0.0,0.4,0.4,0.7,0.4,1,1,14,6,0.4224832042668858,-0.32872621564482074,4,8,1
1473498,2025,2025-05-18,"Arun Jaitley Stadium, Delhi",Delhi Capitals,Gujarat Titans,0.2,0.8,181.8,196.4,187.4,183.0,0.4,0.5,0.6,0.6,0.4,0,0,10,16,0.4863446647122185,0.5955198647506332,5,1,0
1473499,2025,2025-05-19,"Bharat Ratna Shri Atal Bihari Vajpayee Ekana Cricket Stadium, Lucknow",Lucknow Super Giants,Sunrisers Hyderabad,0.2,0.4,173.0,178.6,191.6,187.0,0.4,0.0,0.8,0.5,0.4,0,0,10,6,-0.43393157553525796,-1.1046805054951658,7,10,0
1473500,2025,2025-05-20,"Arun Jaitley Stadium, Delhi",Chennai Super Kings,Rajasthan Royals,0.2,0.2,182.8,187.4,183.6,211.2,1.0,0.5,0.2,0.3,0.4,0,0,6,6,-0.890061311174426,-0.3257343337290042,10,9,0
1473501,2025,2025-05-21,"Wankhede Stadium, Mumbai",Mumbai Indians,Delhi Capitals,0.8,0.2,182.0,183.0,148.8,187.4,0.6,0.2,0.8,0.6,0.6,0,0,14,10,0.9100838733895138,0.3590750508440941,4,5,1
1473502,2025,2025-05-22,"Narendra Modi Stadium, Ahmedabad",Lucknow Super Giants,Gujarat Titans,0.2,0.8,180.8,196.6,199.2,182.2,0.0,0.8,0.4,0.4,0.5,0,0,10,18,-0.4779128617009576,0.6147567438228378,7,1,1
1473503,2025,2025-05-23,"Bharat Ratna Shri Atal Bihari Vajpayee Ekana Cricket Stadium, Lucknow",Sunrisers Hyderabad,Royal Challengers Bengaluru,0.4,0.8,170.4,167.4,179.0,164.4,0.5,0.0,0.5,0.5,0.3,0,0,8,16,-0.9108157396366696,0.30980516860749496,9,4,1
1485779,2025,2025-05-24,"Sawai Mansingh Stadium, Jaipur",Punjab Kings,Delhi Capitals,0.8,0.2,180.8,166.6,170.4,182.6,1.0,0.0,0.4,0.8,0.6,0,0,16,10,0.41553109713487046,0.12365264981020552,3,6,0
1473504,2025,2025-05-25,"Narendra Modi Stadium, Ahmedabad",Chennai Super Kings,Gujarat Titans,0.2,0.6,185.0,197.4,185.8,197.4,0.3333333333333333,0.8,0.6,0.2,0.5,1,1,6,18,-0.9522981784979248,0.4416692200721233,10,1,1
1473505,2025,2025-05-25,"Arun Jaitley Stadium, Delhi",Sunrisers Hyderabad,Kolkata Knight Riders,0.6,0.4,184.2,168.6,183.6,177.4,0.6666666666666666,0.5,0.0,0.5,0.6,1,1,10,10,-0.6529203719463155,0.10201039227538011,8,7,1
1473506,2025,2025-05-26,"Sawai Mansingh Stadium, Jaipur",Mumbai Indians,Punjab Kings,0.8,0.6,182.6,202.4,137.8,193.0,0.5,0.5,0.6,0.5,0.7,0,0,16,16,1.0128422805039161,0.3236818227643905,2,3,0
1473507,2025,2025-05-27,"Bharat Ratna Shri Atal Bihari Vajpayee Ekana Cricket Stadium, Lucknow",Lucknow Super Giants,Royal Challengers Bengaluru,0.2,0.8,191.8,186.2,204.0,191.0,0.4,0.0,1.0,0.4,0.4,0,0,12,16,-0.31783140088787754,0.09607675906183388,7,4,0
1473508,2025,2025-05-29,"Maharaja Yadavindra Singh International Cricket Stadium, Mullanpur",Punjab Kings,Royal Challengers Bengaluru,0.8,0.8,208.4,200.4,198.0,205.0,0.4,1.0,0.25,0.7,0.5,0,0,18,18,0.36494194024043125,0.15968472997849759,1,3,0
1473509,2025,2025-05-30,"Maharaja Yadavindra Singh International Cricket Stadium, New Chandigarh",Mumbai Indians,Gujarat Titans,0.6,0.6,190.2,185.0,146.6,201.0,0.0,0.0,0.2,0.4,0.4,1,1,16,18,0.881164862032831,0.16384148576548618,4,3,1
1473510,2025,2025-06-01,"Narendra Modi Stadium, Ahmedabad",Mumbai Indians,Punjab Kings,0.6,0.6,192.8,189.8,156.0,181.2,0.0,0.6666666666666666,0.4,0.4,0.6,0,0,18,18,0.8904379157427957,0.16987204884983775,2,3,0
1473511,2025,2025-06-03,"Narendra Modi Stadium, Ahmedabad",Royal Challengers Bengaluru,Punjab Kings,0.8,0.6,180.6,184.0,186.4,182.0,0.5,0.75,0.8,0.6,0.6,0,0,20,20,0.325827982426496,0.2156971809486734,1,2,1
1527674,2026,2026-03-28,"M Chinnaswamy Stadium, Bengaluru",Sunrisers Hyderabad,Royal Challengers Bengaluru,0.8,0.8,211.2,185.6,188.0,190.8,1.0,0.4,0.6666666666666666,0.5,0.6,0,0,0,0,0.0,0.0,0,0,0
1527675,2026,2026-03-29,"Wankhede Stadium, Mumbai",Kolkata Knight Riders,Mumbai Indians,0.4,0.4,183.2,190.0,210.8,174.0,0.4,0.8,0.6,0.5,0.4,0,0,0,0,0.0,0.0,0,0,0
1527676,2026,2026-03-30,"Barsapara Cricket Stadium, Guwahati",Chennai Super Kings,Rajasthan Royals,0.4,0.4,200.2,186.2,184.2,207.6,0.0,0.4,0.2,0.3,0.5,0,0,0,0,0.0,0.0,0,0,0
1527677,2026,2026-03-31,"Maharaja Yadavindra Singh International Cricket Stadium, New Chandigarh",Gujarat Titans,Punjab Kings,0.4,0.4,181.8,177.0,209.4,178.2,0.0,0.0,0.4,0.4,0.6,0,0,0,0,0.0,0.0,0,0,0
1527678,2026,2026-04-01,"Bharat Ratna Shri Atal Bihari Vajpayee Ekana Cricket Stadium, Lucknow",Lucknow Super Giants,Delhi Capitals,0.2,0.2,205.4,176.0,217.8,192.0,0.2,0.6666666666666666,0.2,0.4,0.7,0,0,0,0,0.0,0.0,0,0,0
1527679,2026,2026-04-02,"Eden Gardens, Kolkata",Sunrisers Hyderabad,Kolkata Knight Riders,0.6,0.4,220.4,195.4,197.8,216.0,0.3333333333333333,0.4,0.2,0.4,0.5,0,0,0,0,-2.3335994889811573,-0.9816176470588243,9,8,1
1527680,2026,2026-04-03,"MA Chidambaram Stadium, Chepauk, Chennai",Chennai Super Kings,Punjab Kings,0.4,0.6,187.6,168.8,171.0,169.0,0.0,1.0,0.2,0.3,0.6,0,0,0,2,-4.282378378378377,0.8994804028481624,10,4,0
1527681,2026,2026-04-04,"Arun Jaitley Stadium, Delhi",Mumbai Indians,Delhi Capitals,0.6,0.4,203.8,172.6,188.6,187.2,0.6666666666666666,0.2,0.8,0.4,0.7,0,0,2,2,0.9816176470588243,0.14416475972539988,4,5,0
1527682,2026,2026-04-04,"Narendra Modi Stadium, Ahmedabad",Rajasthan Royals,Gujarat Titans,0.4,0.2,169.4,184.8,191.2,211.4,0.6,0.6,0.4,0.6,0.4,1,1,2,0,4.282378378378377,-0.8994804028481624,3,8,1
1527683,2026,2026-04-05,"Rajiv Gandhi International Stadium, Uppal, Hyderabad",Sunrisers Hyderabad,Lucknow Super Giants,0.8,0.2,228.4,201.4,185.2,203.8,0.4,0.6666666666666666,0.4,0.4,0.4,0,0,2,0,-0.6321384762164346,-0.14416475972539988,6,7,0
1527684,2026,2026-04-05,"M Chinnaswamy Stadium, Bengaluru",Royal Challengers Bengaluru,Chennai Super Kings,0.8,0.4,183.6,187.2,188.8,170.4,0.6,0.3333333333333333,0.75,0.6,0.3,0,0,2,0,2.3335994889811573,-2.578608247422679,4,10,1
1527686,2026,2026-04-07,"Barsapara Cricket Stadium, Guwahati",Rajasthan Royals,Mumbai Indians,0.6,0.4,188.0,200.2,188.6,197.2,0.6,0.0,0.4,0.6,0.3,0,0,4,2,2.0142441687934003,-0.029301777572870336,2,6,1
1527687,2026,2026-04-08,"Arun Jaitley Stadium, Delhi",Gujarat Titans,Delhi Capitals,0.0,0.6,184.6,167.4,213.6,178.8,0.6666666666666666,0.2,0.4,0.3,0.7,0,0,0,4,-0.4608159392789375,0.4929234851835469,8,4,1
1527688,2026,2026-04-09,"Eden Gardens, Kolkata",Kolkata Knight Riders,Lucknow Super Giants,0.2,0.4,186.8,193.6,223.2,187.8,0.2,0.5,0.4,0.6,0.4,0,0,0,2,-0.9479663394109394,0.16283766725574278,9,5,0
1527689,2026,2026-04-10,"Barsapara Cricket Stadium, Guwahati",Royal Challengers Bengaluru,Rajasthan Royals,1.0,0.8,195.8,177.0,184.0,172.0,0.0,0.6,0.5,0.6,0.6,0,0,4,6,2.16906882591093,2.161291418861511,2,1,0
1527691,2026,2026-04-11,"MA Chidambaram Stadium, Chepauk, Chennai",Chennai Super Kings,Delhi Capitals,0.2,0.6,192.0,169.4,184.6,179.8,0.0,0.5,0.6,0.3,0.7,0,0,0,4,-2.4980335540399263,0.27429312260772853,10,4,1
1527690,2026,2026-04-11,"Maharaja Yadavindra Singh International Cricket Stadium, New Chandigarh",Sunrisers Hyderabad,Punjab Kings,0.6,0.6,218.4,173.4,176.2,174.0,0.0,1.0,0.8,0.4,0.7,0,0,2,4,-0.4607836659178002,0.9180427353157228,7,3,0
1527693,2026,2026-04-12,"Wankhede Stadium, Mumbai",Royal Challengers Bengaluru,Mumbai Indians,0.8,0.4,190.0,188.0,179.0,189.8,0.5,0.8,0.5,0.5,0.3,0,0,4,2,1.0237612286293825,-0.5411836300015231,3,7,1
1527692,2026,2026-04-12,"Bharat Ratna Shri Atal Bihari Vajpayee Ekana Cricket Stadium, Lucknow",Lucknow Super Giants,Gujarat Titans,0.6,0.2,189.0,186.2,182.8,208.4,0.0,0.3333333333333333,0.6,0.5,0.3,0,0,4,2,0.10494505494505546,-0.24828279443793022,4,6,0
1529264,2026,2026-04-13,"Rajiv Gandhi International Stadium, Uppal, Hyderabad",Sunrisers Hyderabad,Rajasthan Royals,0.4,1.0,216.0,175.6,183.0,168.4,0.2,0.3333333333333333,0.8,0.4,0.7,0,0,2,8,-0.7139226914817485,1.901895401895402,8,1,1
1529265,2026,2026-04-14,"MA Chidambaram Stadium, Chepauk, Chennai",Chennai Super Kings,Kolkata Knight Riders,0.4,0.0,197.0,181.8,184.8,218.6,0.2,0.75,0.6,0.3,0.5,0,0,2,0,-1.4056258188721618,-0.6400898876404497,9,10,1
1529266,2026,2026-04-15,"M Chinnaswamy Stadium, Bengaluru",Lucknow Super Giants,Royal Challengers Bengaluru,0.4,0.8,174.8,216.8,175.4,203.2,1.0,0.8,0.5,0.4,0.5,0,0,4,6,-0.05044222489799921,0.9244866529774143,5,3,0
1529267,2026,2026-04-16,"Wankhede Stadium, Mumbai",Mumbai Indians,Punjab Kings,0.2,0.8,186.8,197.8,196.2,196.6,0.6,0.6,0.4,0.4,0.7,0,0,2,6,-0.5797752808988772,1.0656485944631662,9,3,0
1529268,2026,2026-04-17,"Narendra Modi Stadium, Ahmedabad",Kolkata Knight Riders,Gujarat Titans,0.0,0.4,178.0,189.8,220.4,195.2,1.0,0.4,0.25,0.5,0.4,1,1,0,4,-0.7838620036639838,-0.04833851535173039,10,4,0
1529269,2026,2026-04-18,"M Chinnaswamy Stadium, Bengaluru",Royal Challengers Bengaluru,Delhi Capitals,0.8,0.6,208.6,183.0,195.6,186.2,1.0,0.3333333333333333,0.6666666666666666,0.5,0.8,0,0,8,4,1.3366314536527302,-0.18584644044115883,1,6,0
1529270,2026,2026-04-18,"Rajiv Gandhi International Stadium, Uppal, Hyderabad",Sunrisers Hyderabad,Chennai Super Kings,0.4,0.4,203.6,189.4,181.2,187.4,0.4,0.0,0.4,0.4,0.3,0,0,4,4,-0.051643821843896376,-0.838164999557403,6,8,1
1529272,2026,2026-04-19,"Maharaja Yadavindra Singh International Cricket Stadium, New Chandigarh",Punjab Kings,Lucknow Super Giants,0.8,0.4,196.0,158.6,195.0,159.2,1.0,0.0,0.6,0.8,0.4,0,0,8,4,1.156262945962517,-0.5127880563888256,1,7,1
1529271,2026,2026-04-19,"Eden Gardens, Kolkata",Rajasthan Royals,Kolkata Knight Riders,0.8,0.0,169.8,180.4,174.2,201.0,0.5,0.2,0.4,0.7,0.6,1,1,8,0,0.8911954187544726,-0.7159090909090899,3,10,0
1529273,2026,2026-04-20,"Narendra Modi Stadium, Ahmedabad",Mumbai Indians,Gujarat Titans,0.2,0.6,185.2,184.4,194.4,185.6,0.0,0.4,0.2,0.4,0.4,0,0,2,6,-0.7625766910089897,0.04265631067961273,10,5,1
1529274,2026,2026-04-21,"Rajiv Gandhi International Stadium, Uppal, Hyderabad",Sunrisers Hyderabad,Delhi Capitals,0.6,0.6,202.2,177.2,177.4,180.0,0.6,1.0,0.4,0.3,0.8,0,0,6,6,0.17186932849364744,-0.00840839555831252,4,5,1
1529275,2026,2026-04-22,"Bharat Ratna Shri Atal Bihari Vajpayee Ekana Cricket Stadium, Lucknow",Rajasthan Royals,Lucknow Super Giants,0.6,0.4,175.2,170.4,181.0,181.0,1.0,0.0,0.6,0.7,0.4,0,0,8,4,0.5709460976727065,-0.9104973370574729,3,9,1
1529276,2026,2026-04-23,"Wankhede Stadium, Mumbai",Chennai Super Kings,Mumbai Indians,0.4,0.2,200.8,180.2,200.6,170.4,0.4,0.4,0.8,0.4,0.4,0,0,4,4,-0.8794117647058819,-0.03642652924358458,8,7,1
1529277,2026,2026-04-24,"M Chinnaswamy Stadium, Bengaluru",Gujarat Titans,Royal Challengers Bengaluru,0.6,0.6,172.0,203.0,192.4,191.2,0.6666666666666666,0.8,0.3333333333333333,0.4,0.5,0,0,6,8,-0.5355421686746986,0.9544385043389596,7,3,0
1529278,2026,2026-04-25,"Arun Jaitley Stadium, Delhi",Delhi Capitals,Punjab Kings,0.4,1.0,187.2,210.0,200.2,197.0,0.2,1.0,0.6,0.9,0.7,1,1,6,10,-0.3731651577744568,1.4791011942174723,6,1,0
1529279,2026,2026-04-25,"Sawai Mansingh Stadium, Jaipur",Rajasthan Royals,Sunrisers Hyderabad,0.6,0.6,165.0,205.4,164.0,184.2,0.2,1.0,0.0,0.6,0.2,0,0,10,8,0.6420672446770279,0.4561590752356235,3,4,0
1529280,2026,2026-04-26,"MA Chidambaram Stadium, Chepauk, Chennai",Chennai Super Kings,Gujarat Titans,0.6,0.6,200.4,172.2,179.4,191.6,0.4,0.0,0.8,0.3,0.3,0,0,6,6,-0.10210292733530757,-0.5345748300021018,5,7,0
1529282,2026,2026-04-27,"Arun Jaitley Stadium, Delhi",Delhi Capitals,Royal Challengers Bengaluru,0.2,0.6,207.2,194.2,220.8,190.8,0.2,1.0,0.5,0.9,0.5,0,0,6,10,-0.3306259762105004,0.9110433658586814,6,2,0
1529283,2026,2026-04-28,"Maharaja Yadavindra Singh International Cricket Stadium, New Chandigarh",Punjab Kings,Rajasthan Royals,1.0,0.4,230.0,180.6,217.4,185.2,1.0,0.0,0.4,0.7,0.6,0,0,12,10,1.2816040527082997,0.504985920399454,2,3,0
1529284,2026,2026-04-29,"Wankhede Stadium, Mumbai",Mumbai Indians,Sunrisers Hyderabad,0.2,0.8,168.6,220.0,179.0,197.8,0.4,0.2,0.8,0.5,0.2,1,1,4,10,-0.6845616024187446,0.4519983441216304,8,4,0
1529285,2026,2026-04-30,"Narendra Modi Stadium, Ahmedabad",Royal Challengers Bengaluru,Gujarat Titans,0.8,0.6,169.4,162.6,165.4,181.4,0.6666666666666666,0.2,0.75,0.5,0.3,0,0,12,8,1.5304128131913117,-0.22645288651355244,1,5,0
