match_id,t1_xi_bat_avg,t2_xi_bat_avg,t1_xi_bat_sr,t2_xi_bat_sr,t1_xi_bowl_wpm,t2_xi_bowl_wpm,t1_xi_bowl_er,t2_xi_bowl_er,xi_bat_diff,xi_sr_diff,xi_bowl_diff,xi_er_diff
1359475,25.0,25.0,130.0,130.0,1.0,1.0,9.0,9.0,0.0,0.0,0.0,0.0
1359476,25.0,25.0,130.0,130.0,1.0,1.0,9.0,9.0,0.0,0.0,0.0,0.0
1359477,25.0,25.0,130.0,130.0,1.0,1.0,9.0,9.0,0.0,0.0,0.0,0.0
1359478,25.0,25.0,130.0,130.0,1.0,1.0,9.0,9.0,0.0,0.0,0.0,0.0
1359479,25.0,25.0,130.0,130.0,1.0,1.0,9.0,9.0,0.0,0.0,0.0,0.0
1359480,25.0,25.0,130.0,130.0,1.0,1.0,9.0,9.0,0.0,0.0,0.0,0.0
1359481,25.0,25.0,130.0,130.0,1.0,1.0,9.0,9.0,0.0,0.0,0.0,0.0
1359482,25.0,25.0,130.0,130.0,1.0,1.0,9.0,9.0,0.0,0.0,0.0,0.0
1359483,25.0,25.0,130.0,130.0,1.0,1.0,9.0,9.0,0.0,0.0,0.0,0.0
1359484,25.0,25.0,130.0,130.0,1.0,1.0,9.0,9.0,0.0,0.0,0.0,0.0
1359485,25.0,25.0,130.0,130.0,1.0,1.0,9.0,9.0,0.0,0.0,0.0,0.0
1359486,25.0,25.0,130.0,130.0,1.0,1.0,9.0,9.0,0.0,0.0,0.0,0.0
1359487,25.0,25.0,130.0,130.0,1.0,1.0,9.0,9.0,0.0,0.0,0.0,0.0
1359488,25.0,25.0,130.0,130.0,1.0,1.0,9.0,9.0,0.0,0.0,0.0,0.0
1359489,25.0,25.466666666666665,130.0,133.77233248233568,1.0,1.0,9.0,6.271309771309771,-0.466666666666665,-3.7723324823356847,0.0,-2.728690228690229
1359490,20.08333333333333,25.0,98.96268925739005,130.0,0.6666666666666666,1.0,8.431827349737798,9.0,-4.916666666666671,-31.037310742609947,-0.33333333333333337,0.568172650262202
1359491,39.25,30.833333333333336,166.40131473464808,133.86516711145,1.7777777777777777,1.5,6.933921815889029,8.916666666666668,8.416666666666664,32.536147623198076,0.2777777777777777,1.9827448507776388
1359492,29.0,34.333333333333336,144.64807951068187,133.07077746102138,0.8333333333333333,1.8333333333333333,8.431327756327757,8.037053163731246,-5.333333333333336,11.577302049660489,-1.0,-0.39427459259651165
1359493,21.444444444444446,30.53333333333333,100.94807153630684,175.21488947485153,0.6666666666666666,1.0833333333333333,9.200416782439566,8.195524745524745,-9.088888888888885,-74.26681793854469,-0.41666666666666663,-1.0048920369148213
1359494,35.41666666666667,20.016666666666666,144.5513249723159,130.91132981185535,1.5,0.49999999999999994,9.035894843276036,8.715435914499551,15.400000000000006,13.639995160460558,1.0,-0.3204589287764854
1359495,28.183333333333337,15.416666666666666,153.28484994006521,134.2834828846793,1.625,0.8125,7.334762605815237,7.98857839498185,12.766666666666671,19.001367055385913,0.8125,0.6538157891666136
1359496,30.65,25.93333333333333,163.50873346699169,130.66016324892598,1.1458333333333333,0.6666666666666666,8.233282988871224,9.040909090909091,4.716666666666669,32.8485702180657,0.47916666666666663,0.807626102037867
1359497,25.983333333333338,32.21666666666667,121.995390394169,163.15017977298325,1.9166666666666667,1.9722222222222223,7.737745098039215,6.81249736564805,-6.233333333333331,-41.15478937881426,-0.05555555555555558,-0.9252477323911652
1359498,25.98333333333333,32.5625,145.82527809743,140.97045735144684,1.75,1.0833333333333333,8.276059564719358,9.112373737373737,-6.579166666666669,4.854820745983147,0.6666666666666667,0.8363141726543795
1359499,27.3,26.6875,139.34189959944268,133.8152764666637,1.0416666666666667,0.5,8.786209239130436,9.491140642303433,0.6125000000000007,5.52662313277898,0.5416666666666667,0.7049314031729974
1359500,27.28,31.55,148.28995987483188,164.20455057693678,0.8375,1.6916666666666669,7.9780003111145685,7.174070887445888,-4.27,-15.914590702104903,-0.8541666666666669,-0.8039294236686807
1359501,29.919999999999998,17.293333333333333,150.1128800653126,143.702411014911,1.1666666666666667,1.2166666666666668,9.160833333333333,7.771473782139621,12.626666666666665,6.410469050401588,-0.050000000000000044,-1.3893595511937118
1359502,25.52,24.28,149.2218464966972,139.05900816070306,0.9333333333333332,0.7,8.45503579867465,8.778359145353573,1.2399999999999984,10.162838335994138,0.23333333333333328,0.32332334667892226
1359503,22.65,32.6,132.7447153414119,164.80591110941455,1.5125,1.8,7.949923148553285,8.579330546922444,-9.950000000000003,-32.06119576800265,-0.2875000000000001,0.6294073983691586
1359505,17.883333333333333,28.2,139.44365111917642,143.1293095570876,1.1666666666666667,1.15,7.87507311681636,8.872823033707865,-10.316666666666666,-3.6856584379111723,0.01666666666666683,0.9977499168915056
1359504,27.90333333333333,27.313333333333333,138.78506680062281,142.23368496600452,1.511111111111111,1.175,8.061417322834645,7.208379120879121,0.5899999999999963,-3.4486181653817027,0.336111111111111,-0.853038201955524
1359507,31.653333333333336,25.0,159.1719946719947,139.75132037593954,1.5416666666666665,1.25,8.353728369928058,8.230149579299598,6.653333333333336,19.420674296055154,0.2916666666666665,-0.12357879062846067
1359506,30.7,30.119999999999997,148.7921090367526,156.98372025435214,1.6666666666666665,1.6833333333333331,8.902786558834846,7.144527141180154,0.5800000000000018,-8.19161121759953,-0.016666666666666607,-1.758259417654692
1359508,22.383333333333333,23.30666666666667,129.90980682050704,142.23730929950796,1.0,1.425,8.00355919650614,7.918515294464913,-0.9233333333333356,-12.327502479000913,-0.42500000000000004,-0.08504390204122725
1359509,27.296666666666663,28.5,143.46008304375,149.94596488560515,1.7291666666666667,1.5416666666666667,7.137062434691745,8.527801372528245,-1.2033333333333367,-6.485881841855161,0.1875,1.3907389378364998
1359510,24.292857142857144,30.564285714285717,136.34780708087723,144.59677822762583,1.1089285714285713,1.5654761904761905,8.53626133153006,8.000096581031485,-6.271428571428572,-8.248971146748602,-0.4565476190476192,-0.5361647504985747
1359511,29.5,34.139047619047616,153.3083209622369,163.3517598836748,1.5880952380952382,1.5880952380952382,7.760795044141252,7.889899967142492,-4.639047619047616,-10.043438921437883,0.0,0.12910492300123977
1359512,26.371428571428574,28.342857142857145,146.0413958866929,148.63363088818102,1.1214285714285714,0.9166666666666666,7.016353051539565,8.656473227870585,-1.9714285714285715,-2.5922350014881204,0.2047619047619048,1.6401201763310196
1359513,27.244999999999997,27.534285714285716,153.49162027059182,179.46314394825032,1.2604166666666667,1.9196428571428572,8.609301412872842,7.259954751131222,-0.28928571428571814,-25.971523677658496,-0.6592261904761905,-1.3493466617416203
1359514,23.04761904761905,23.476190476190474,136.7552274321491,122.53802277038612,1.2273809523809525,1.0,7.785040983606557,7.741967008842719,-0.4285714285714235,14.217204661762977,0.22738095238095246,-0.04307397476383734
1359515,33.417857142857144,27.335,162.43185944065712,147.99545009754448,1.4791666666666667,1.2395833333333335,8.32011621896457,8.329360461247411,6.082857142857144,14.436409343112643,0.23958333333333326,0.009244242282841597
1359516,29.71071428571429,26.514285714285712,153.9105707203117,146.41555051567084,1.65625,1.0297619047619047,7.565435398865801,9.46258536585366,3.1964285714285765,7.495020204640866,0.6264880952380953,1.8971499669878584
1359517,30.4,28.732142857142854,149.02679228080297,154.35681974230206,1.4979166666666668,1.5104166666666667,8.979171608159392,6.637105263157895,1.6678571428571445,-5.3300274614991,-0.012499999999999956,-2.3420663450014976
1359518,24.525,28.801190476190477,140.94895300777654,182.52826202800256,1.0520833333333333,1.79375,7.393244269289407,7.3349158405467225,-4.276190476190479,-41.57930902022602,-0.7416666666666667,-0.0583284287426844
1359520,25.53333333333333,27.175,144.0775630796185,159.58212267958032,1.0866071428571429,0.9895833333333333,7.594344968811496,8.522208186949829,-1.6416666666666693,-15.504559599961823,0.09702380952380962,0.9278632181383326
1359521,35.19166666666667,23.72833333333333,155.85543520234273,139.36269686260147,0.9791666666666666,1.2836309523809524,8.338964798864225,7.839782873939327,11.463333333333338,16.492738339741265,-0.30446428571428574,-0.49918192492489855
1359522,28.55,27.062142857142856,151.99690416707222,169.6025430982908,1.7276785714285716,1.7333333333333334,7.881738918956259,7.1531925128018665,1.4878571428571448,-17.60563893121858,-0.005654761904761774,-0.7285464061543925
1359524,28.2,21.983333333333334,144.31688447334895,137.05299973096584,1.5416666666666667,1.25625,8.36728232623927,6.892201972776583,6.216666666666665,7.263884742383112,0.28541666666666665,-1.4750803534626868
1359523,28.625,33.99880952380953,165.10176110694104,165.34506240234037,0.96875,1.50625,9.544333175733186,8.384024258288314,-5.373809523809527,-0.2433012953993341,-0.5375000000000001,-1.1603089174448726
1359525,28.387142857142855,21.725,169.6025430982908,141.61407950255386,1.6889880952380953,1.2455357142857142,7.053498777540021,7.1152882205513786,6.662142857142854,27.98846359573693,0.44345238095238115,0.06178944301135747
1359526,25.2,24.04357142857143,143.18945667981507,135.8180485844056,1.375,1.382440476190476,7.529830401338781,7.749221325570327,1.1564285714285703,7.371408095409464,-0.007440476190476053,0.21939092423154527
1359527,28.281190476190478,33.778571428571425,147.2579431108796,153.12287524151932,1.03125,1.055059523809524,8.655451423344399,8.18158211816069,-5.497380952380947,-5.8649321306397155,-0.023809523809523947,-0.4738693051837082
1359528,30.696428571428573,28.865,147.30161401470684,158.4033415497874,1.43125,1.2083333333333333,8.505892268207965,8.52214645621842,1.8314285714285745,-11.101727535080556,0.22291666666666665,0.016254188010455195
1359529,32.957142857142856,24.095,161.63443294330452,142.11572370610585,1.5729166666666667,1.19375,8.081749186286649,6.964857063648669,8.862142857142857,19.518709237198664,0.37916666666666665,-1.1168921226379798
1359530,30.895,25.825,150.2355574295315,143.53648085399396,1.2708333333333333,1.3125,7.857177197802198,8.053146050630161,5.07,6.699076575537532,-0.04166666666666674,0.1959688528279635
1359531,30.925,31.187142857142856,162.88388725542288,170.39236906883966,1.2125,1.6741071428571428,8.660008040808938,7.103356532830524,-0.26214285714285523,-7.508481813416779,-0.4616071428571429,-1.5566515079784136
1359532,25.03452380952381,20.3,142.43050733289004,137.5405138004706,1.0,1.05,8.09897556652847,7.5433415823084395,4.734523809523811,4.889993532419453,-0.050000000000000044,-0.5556339842200302
1359533,28.15,23.291666666666664,149.7760744821342,135.61096864667968,1.0446428571428572,1.2202380952380953,8.348475371019465,6.832920433760125,4.858333333333334,14.165105835454511,-0.17559523809523814,-1.5155549372593393
1359534,29.35,30.3,147.08651756604357,146.3571734220896,1.4,1.375,8.956302874769555,8.248621251373843,-0.9499999999999993,0.7293441439539663,0.02499999999999991,-0.7076816233957128
1359535,32.2,28.475,156.78146930188262,147.5556681147501,1.5392857142857144,1.125,8.105727202241638,8.51037851037851,3.7250000000000014,9.225801187132532,0.41428571428571437,0.4046513081368719
1359536,30.79,27.430952380952384,162.86271620238202,141.98430009704467,1.65625,1.1339285714285714,7.586660654473491,7.97346508683441,3.3590476190476153,20.87841610533735,0.5223214285714286,0.3868044323609192
1359537,17.525,30.907142857142855,135.6742497594167,162.9780565980878,1.2291666666666667,1.28125,7.640513738918992,9.1619973729676,-13.382142857142856,-27.30380683867108,-0.05208333333333326,1.5214836340486073
1359538,19.978571428571428,28.38357142857143,134.58212185027887,151.87598921777231,1.1026785714285714,1.28125,7.22031038550956,8.263476781259547,-8.405000000000001,-17.293867367493448,-0.1785714285714286,1.0431663957499868
1359539,23.825,28.51666666666667,159.8101247965559,138.79248493522806,0.925,1.5229166666666667,9.010502061605628,8.415661808251627,-4.69166666666667,21.017639861327837,-0.5979166666666667,-0.5948402533540005
1359540,29.441666666666663,28.575,153.59190674891198,143.0810752013042,1.15625,1.36875,8.55188064588833,8.504106836899712,0.8666666666666636,10.51083154760778,-0.2124999999999999,-0.047773808988617716
1359541,31.75,22.535714285714285,151.95917220650534,142.0544217687075,1.4479166666666667,1.0625,8.013752920235845,7.299865886260892,9.214285714285715,9.904750437797844,0.38541666666666674,-0.7138870339749532
1359542,23.69166666666667,26.707142857142856,143.87406623065291,145.81035940632538,1.2026785714285715,1.0625,7.484180730658457,8.253459297149979,-3.0154761904761855,-1.9362931756724606,0.14017857142857149,0.769278566491522
1359543,22.85,30.0,143.74796366027425,158.27090307894116,0.9357142857142858,1.3458333333333332,8.994257222614602,8.483889154123961,-7.149999999999999,-14.522939418666908,-0.4101190476190474,-0.5103680684906404
1359544,30.3,30.15,142.27506890530495,167.36851973460747,1.4479166666666667,1.71875,8.218369222689075,7.520951394912031,0.15000000000000213,-25.093450829302526,-0.27083333333333326,-0.697417827777044
1370350,34.525,31.525,151.36065739164331,171.37280526686968,1.4821428571428572,1.625,7.707625642237052,7.828648988058902,3.0,-20.01214787522636,-0.1428571428571428,0.12102334582184948
1370351,31.9,25.525,162.58520155750253,145.0189423702803,1.3020833333333333,1.1979166666666667,8.885094883739075,7.37753700610386,6.375,17.566259187222215,0.10416666666666652,-1.5075578776352154
1370352,33.00833333333333,32.55,164.05390243727044,160.4503769656042,1.5625,1.3973214285714286,7.759329281628049,8.019797195945733,0.4583333333333357,3.603525471666245,0.1651785714285714,0.260467914317684
1370353,35.75,32.525,166.1750046908716,147.36815624845593,1.75,1.53125,7.750870932004657,7.665978990689197,3.2250000000000014,18.806848442415657,0.21875,-0.08489194131546007
1422119,32.1,23.675,148.26716204357385,145.81294207143225,0.9687499999999999,1.1875,8.134921021274122,8.223951312035615,8.425,2.454219972141601,-0.2187500000000001,0.08903029076149238
1422120,15.075,25.95,112.64388933860899,146.12751269939835,1.15625,1.1354166666666667,7.515823549930529,8.608535635446184,-10.875,-33.483623360789366,0.02083333333333326,1.0927120855156556
1422121,26.625,28.125,140.3324766749561,142.81842462566448,0.96875,1.28125,8.092424242424244,8.482030266178452,-1.5,-2.485947950708379,-0.3125,0.38960602375420805
1422122,25.5,29.45,142.40964144772252,141.56445835315782,1.15625,1.3616071428571428,8.208644955417942,7.955132890365448,-3.9499999999999993,0.8451830945647032,-0.2053571428571428,-0.2535120650524938
1422123,38.375,23.125,164.36855842815595,150.63921618848,1.4166666666666667,0.8125,8.841536672140121,9.569159836065573,15.25,13.729342239675958,0.6041666666666667,0.7276231639254522
1422124,27.925,30.775,145.16066241668196,149.5363031117413,1.1607142857142856,0.6875,8.718405242839172,7.919971983462083,-2.849999999999998,-4.375640695059332,0.4732142857142856,-0.7984332593770889
1422125,23.05,36.0,141.7994115554917,156.98437604949646,1.6666666666666667,1.3333333333333333,8.072772523643604,9.18787878787879,-12.95,-15.18496449400476,0.3333333333333335,1.1151062642351857
1422126,28.55,21.325,147.5710777426347,152.52162233901365,0.88125,0.75,9.179294561432691,9.801498127340825,7.225000000000001,-4.950544596378933,0.13124999999999998,0.6222035659081335
1422127,27.1,18.075,144.78984116831893,139.43066009581645,1.0,1.1875,8.276726030517953,7.912490523788895,9.025000000000002,5.35918107250248,-0.1875,-0.3642355067290577
1422128,31.125,22.95,146.23130039968987,141.15976991302966,0.9553571428571428,1.1026785714285714,8.05133616601777,7.9885253436186,8.175,5.071530486660208,-0.1473214285714286,-0.06281082239916902
1422129,30.130000000000003,28.55,141.784218816762,141.69078587304818,1.1375,1.15625,7.980864683937101,8.616275879023043,1.5800000000000018,0.09343294371382171,-0.018750000000000044,0.6354111950859416
1422130,31.575,31.75,153.42837522812775,151.9147519147519,0.7946428571428571,1.21875,9.044351015193252,9.207892518186634,-0.1750000000000007,1.5136233133758594,-0.4241071428571429,0.16354150299338244
1422131,21.15,21.975,139.93033293172078,139.22051839169166,1.28125,1.71875,8.097223659969988,7.603074429853953,-0.8250000000000028,0.7098145400291287,-0.4375,-0.49414923011603484
1422132,21.825,27.05,149.52594340063433,151.6300059952812,1.125,1.03125,9.830020080321285,8.14558591056443,-5.225000000000001,-2.1040625946468765,0.09375,-1.6844341697568552
1422133,28.625,32.75,141.3273623675714,156.75461629539552,1.3125,0.625,8.081880017259907,8.311761520023062,-4.125,-15.427253927824125,0.6875,0.22988150276315444
1422134,22.8,25.876666666666672,142.453408840792,141.77466709722302,1.09375,1.1875,8.277325608049516,8.124423825130243,-3.0766666666666715,0.6787417435689918,-0.09375,-0.15290178291927248
1422135,32.75,24.621428571428574,151.87291382830747,151.53122811557586,1.375,1.125,8.495256544557394,9.027043615413223,8.128571428571426,0.34168571273161774,0.25,0.5317870708558292
1422136,28.125,25.725,149.26767583910444,150.2251283288435,0.96875,1.1770833333333333,7.934831048934956,8.439838166250576,2.3999999999999986,-0.9574524897390688,-0.20833333333333326,0.5050071173156203
1422137,31.125,24.875,147.48315713036868,148.32212660164467,0.71875,1.4479166666666667,8.143105989480803,7.837202420879427,6.25,-0.8389694712759876,-0.7291666666666667,-0.30590356860137646
1422138,30.25,25.916666666666664,158.62454119953787,139.94453800168088,1.34375,1.15625,8.523369585938692,8.33491833803718,4.333333333333336,18.68000319785699,0.1875,-0.18845124790151146
1422139,30.432142857142857,30.075,141.29099984589894,148.90400017264525,1.21875,1.2604166666666667,8.370725160943685,8.992158984806045,0.35714285714285765,-7.613000326746317,-0.04166666666666674,0.6214338238623593
1426260,26.5,27.525,157.07797514331656,148.64895335607804,1.2083333333333333,0.93125,7.578762699109495,8.478175531928068,-1.0249999999999986,8.429021787238526,0.27708333333333324,0.8994128328185731
1426261,32.59166666666667,24.55,159.6547165013984,151.82115825063747,1.0729166666666667,1.125,8.390791885460661,8.927118474230937,8.041666666666668,7.8335582507609445,-0.05208333333333326,0.536326588770276
1426262,27.8,29.85,148.31186868686868,151.8756057022439,0.96875,1.34375,8.099840360434303,8.799847094303935,-2.0500000000000007,-3.56373701537521,-0.375,0.7000067338696319
1426263,29.375,30.075,146.09085100681736,182.6932287201514,1.1458333333333333,1.40625,8.200980151246153,8.892121490422461,-0.6999999999999993,-36.60237771333405,-0.26041666666666674,0.6911413391763084
1426264,30.55,28.155714285714282,141.347161313263,145.48635757543497,1.3333333333333333,1.03125,8.053090175395441,8.336099140921398,2.3942857142857186,-4.139196262171964,0.30208333333333326,0.28300896552595667
1426265,28.869285714285716,26.175,157.1924636852749,148.52313769626247,1.1875,1.125,8.687752002846942,8.465303298298863,2.6942857142857157,8.669325989012435,0.0625,-0.22244870454807852
1426266,27.45,23.525,136.62469022380324,152.69498360760764,1.2455357142857142,1.2633928571428572,8.115366166809654,8.042709070740596,3.9250000000000007,-16.070293383804398,-0.017857142857143016,-0.07265709606905801
1426267,27.975,31.7,149.16780971216522,190.75865944855238,1.4791666666666667,1.5875,8.072033226757807,8.892966812289824,-3.724999999999998,-41.590849736387156,-0.10833333333333317,0.8209335855320177
1426268,29.55,31.525,165.93881200308775,149.92404864884148,1.1348214285714286,0.8645833333333334,8.27257145547073,9.920210405739434,-1.9749999999999979,16.01476335424627,0.2702380952380953,1.6476389502687034
1426269,27.376666666666665,25.775,158.70877237012405,145.15848907240735,1.2375,1.15625,8.041748552922241,7.9446507839771225,1.6016666666666666,13.550283297716703,0.08125000000000004,-0.0970977689451189
1426270,31.185714285714283,22.19166666666667,146.0467720685112,141.83569502396904,1.25,1.125,8.716339490341591,8.401289886584005,8.994047619047613,4.211077044542151,0.125,-0.3150496037575863
1426271,29.925,26.566666666666663,183.31019110088877,158.48730333293022,1.4583333333333335,1.375,8.02879557646601,8.575136525776895,3.358333333333338,24.822887767958548,0.08333333333333348,0.5463409493108848
1426272,27.683333333333337,25.4,149.25020275750202,134.08671882680216,1.6428571428571428,1.1875,7.715108762732927,8.330052439314414,2.2833333333333385,15.163483930699869,0.4553571428571428,0.6149436765814871
1426273,33.825,27.35,176.66898863931473,146.600329454526,0.96875,1.28125,8.344036483153685,7.875211548646229,6.475000000000001,30.068659184788743,-0.3125,-0.468824934507456
1426274,28.8,33.30833333333333,158.4706309095033,157.0975685602361,1.2916666666666667,1.0,8.289728195538373,9.007878453869084,-4.508333333333329,1.373062349267201,0.29166666666666674,0.7181502583307111
1426275,27.467857142857145,26.375,157.9995279560497,140.1862342340749,1.5,1.21875,8.658528909920761,8.554280152094897,1.0928571428571452,17.813293721974787,0.28125,-0.1042487578258644
1426276,30.825,29.7,158.5245524596358,154.08334957620067,1.2053571428571428,1.0625,8.276334544840132,8.201965198073658,1.125,4.441202883435125,0.1428571428571428,-0.07436934676647411
1426277,28.15,27.425,158.29739522130825,133.94937142291175,1.4375,1.125,7.775688718300689,8.304921814919252,0.7249999999999979,24.348023798396497,0.3125,0.5292330966185634
1426278,31.18333333333333,24.783333333333335,162.863229791512,138.41203054463836,1.40625,1.46875,8.343896678951902,7.666782663480705,6.399999999999995,24.451199246873642,-0.0625,-0.6771140154711972
1426279,30.991666666666667,36.74166666666667,164.68089279410032,186.71137214626737,0.98125,1.1339285714285714,9.470172341528908,8.465502163542403,-5.75,-22.03047935216705,-0.15267857142857144,-1.0046701779865046
1426280,29.323571428571427,23.259999999999998,161.31888478849805,150.62773775810595,1.25,1.5,8.105260728937605,8.305293034439726,6.063571428571429,10.691147030392102,-0.25,0.2000323055021216
1426281,29.15,32.25,165.0773951124604,155.47562899370706,1.28125,0.71875,8.426954642547884,8.746269436116288,-3.1000000000000014,9.601766118753346,0.5625,0.3193147935684042
1426282,30.075,32.825,141.2486782300096,156.46683084500538,1.125,1.25,8.206637720811276,8.097248485814745,-2.7500000000000036,-15.218152614995773,-0.125,-0.10938923499653086
1426283,26.175,31.575,143.1024435112172,163.1811124694668,1.4479166666666667,0.9375,8.12904423838501,8.832146582125581,-5.399999999999999,-20.078668958249608,0.5104166666666667,0.7031023437405715
1426284,30.22142857142857,35.010714285714286,161.73546442687746,187.4118549869811,1.40625,1.21875,7.712303476997173,8.817955647605578,-4.789285714285715,-25.67639056010364,0.1875,1.1056521706084048
1426285,34.055,31.895,178.5979232316584,167.3769619523336,1.21875,1.3214285714285714,9.211179720717645,8.666567682653518,2.16,11.220961279324797,-0.1026785714285714,-0.5446120380641268
1426286,31.95,26.8,156.9296671652042,141.8587558413388,1.0625,1.3020833333333335,8.749226183652414,7.820405526551706,5.149999999999999,15.070911323865403,-0.23958333333333348,-0.928820657100708
1426287,32.75,28.138571428571424,167.36237313329943,165.2845513086266,0.96875,1.4375,8.122787172611227,8.71853155338673,4.611428571428576,2.0778218246728386,-0.46875,0.5957443807755034
1426288,31.195,33.25,180.80036623289698,156.57646965548378,1.28125,1.28125,9.136497119238353,8.241312912726507,-2.0549999999999997,24.2238965774132,0.0,-0.8951842065118463
1426289,33.394999999999996,28.9,168.302386770332,158.57884221042116,1.3125,1.0625,8.51049073913968,9.052089190438705,4.494999999999997,9.723544559910835,0.25,0.5415984512990253
1426290,26.95,35.165,143.20148750481985,172.74646274900275,0.96875,1.0,8.88168352350299,8.67612323491656,-8.215,-29.544975244182893,-0.03125,-0.2055602885864296
1426292,31.8,27.8,166.5956305432539,136.89108071143485,1.5625,1.28125,7.9650788183481875,8.202954471012118,4.0,29.704549831819037,0.28125,0.23787565266393074
1426291,30.9,28.560000000000002,159.5198433720351,161.86661760442485,0.875,1.40625,7.6097687071508275,8.606728124572966,2.3399999999999963,-2.3467742323897482,-0.53125,0.9969594174221381
1426293,31.4,27.75,171.36582275141237,151.8881214708553,1.21875,1.15625,8.982926742518693,8.786014405762305,3.6499999999999986,19.477701280557056,0.0625,-0.19691233675638742
1426294,29.941666666666663,33.59166666666667,172.39190100739302,152.06178953913454,1.55,1.28125,8.828083702361528,8.308841323090501,-3.6500000000000057,20.33011146825848,0.26875000000000004,-0.5192423792710272
1426295,29.9,29.90357142857143,141.10411980662283,167.59299899769388,1.1875,1.21875,7.774055708769994,9.085662070848407,-0.003571428571429891,-26.48887919107105,-0.03125,1.3116063620784129
1426296,34.025,28.6,177.8975032479304,158.10340735286061,0.8541666666666666,1.4375,8.887214025069516,8.913071815552568,5.424999999999997,19.794095895069773,-0.5833333333333334,0.0258577904830517
1426297,26.9,32.0,144.07350530355717,160.2076115887872,1.03125,0.96875,9.507437413150152,7.3306541429171315,-5.100000000000001,-16.13410628523002,0.0625,-2.1767832702330203
1426298,32.9,29.125,170.09972068219398,147.55370816254685,1.59375,1.2,7.7750324849040755,8.517316017316018,3.7749999999999986,22.54601251964712,0.39375000000000004,0.7422835324119426
1426299,34.525,30.7,146.74598459300483,164.6230519083676,1.375,0.9375,8.32006870017651,7.873698609599369,3.8249999999999993,-17.87706731536275,0.4375,-0.4463700905771404
1426300,35.7,30.842857142857145,181.99052587915463,171.50958628604775,1.03125,1.5104166666666667,8.83232911044735,8.806927871066819,4.857142857142858,10.480939593106882,-0.47916666666666674,-0.025401239380531848
1426302,30.15,28.7,173.87312498584797,140.0969553932167,1.5714285714285714,1.0535714285714286,8.731950454341485,8.787778139878302,1.4499999999999993,33.77616959263128,0.5178571428571428,0.055827685536817384
1426303,28.55,27.407142857142855,145.2040494130975,161.25725535517685,1.15625,1.5625,8.704870790441719,8.745201865438027,1.142857142857146,-16.05320594207936,-0.40625,0.04033107499630795
1426305,28.79,22.15,145.86626372743598,164.42415116470713,0.9375,1.0833333333333333,8.190398886827458,9.00957712603919,6.640000000000001,-18.557887437271148,-0.14583333333333326,0.8191782392117322
1426306,32.15,29.5,176.32716477179216,162.657748487215,1.09375,1.325,8.27451483490559,7.71129627713014,2.6499999999999986,13.669416284577153,-0.23124999999999996,-0.5632185577754498
1426307,22.975,32.30357142857143,153.17424456469493,172.83998895589463,1.28125,1.0758928571428572,8.745140722261244,9.1504941701049,-9.32857142857143,-19.665744391199695,0.2053571428571428,0.40535344784365535
1426309,33.575,24.8,176.9540532094174,154.73469633255928,1.0625,1.59375,9.407939582054453,8.043455935703522,8.775000000000002,22.219356876858114,-0.53125,-1.3644836463509318
1426310,33.75,28.225,178.1090206181994,154.8106088004822,1.1875,1.1875,8.196204605049306,8.588525198481962,5.524999999999999,23.29841181771718,0.0,0.3923205934326557
1426311,31.425,26.65,172.73869754992924,160.18993886701867,1.09375,1.21875,8.794512597759024,8.617480422462123,4.775000000000002,12.548758682910574,-0.125,-0.17703217529690107
1426312,27.05,27.45,159.6458240047173,162.33923181078893,1.0,1.71875,8.626916024724387,8.173026315789473,-0.3999999999999986,-2.693407806071633,-0.71875,-0.45388970893491454
1473438,24.407142857142855,32.7,161.14705615344263,164.31064805962473,1.65625,1.03125,7.953376082049094,8.626166388281844,-8.292857142857148,-3.1635919061820914,0.625,0.6727903062327494
1473439,24.325,30.925,149.45993584475136,150.87601438242442,1.71875,1.25,8.869358537303183,7.972413358744836,-6.600000000000001,-1.4160785376730587,0.46875,-0.8969451785583473
1473440,27.8,27.175,152.01156327738786,155.77992905571938,0.7875,1.09375,8.721791512202472,7.907107262886964,0.625,-3.768365778331514,-0.30625,-0.8146842493155084
1473441,28.275,28.85,153.02003389355662,180.926512764565,0.78125,1.6458333333333333,8.189142698236136,8.601513269100744,-0.5750000000000028,-27.906478871008375,-0.8645833333333333,0.41237057086460815
1473442,24.6,32.175,148.66270149008818,147.3517400927315,1.125,1.1,8.955529586780074,8.421053224076195,-7.574999999999996,1.3109613973566923,0.02499999999999991,-0.5344763627038791
1473443,30.075,23.0,164.67887168396652,150.6133068318881,1.21875,1.4375,8.562424242424242,8.309987518880293,7.074999999999999,14.06556485207841,-0.21875,-0.2524367235439495
1473444,29.45,27.65,157.04105716959378,161.8378198451848,1.6633928571428571,1.1875,9.150320524109752,9.10352543699611,1.8000000000000007,-4.796762675591026,0.4758928571428571,-0.046795087113642
1473445,33.525,28.475,168.13482276906637,153.31079292843876,1.03125,1.4375,7.924619963380847,7.6224746315691165,5.049999999999997,14.824029840627617,-0.40625,-0.3021453318117304
1473446,31.575,22.025,151.70606051637216,138.9263507896534,1.2291666666666667,0.9017857142857143,8.618470460735749,8.281189260308633,9.55,12.77970972671875,0.32738095238095244,-0.33728120042711573
1473447,29.6,31.475,164.29742690232646,177.4026392842949,1.21875,1.71875,9.449330345666741,9.607388465577658,-1.875,-13.105212381968443,-0.5,0.15805811991091723
1473448,28.95,24.275,148.97440652184278,144.20997375328085,1.125,1.53125,8.100803258174686,7.9836977198203805,4.675000000000001,4.764432768561932,-0.40625,-0.1171055383543056
1473449,26.425,26.75,155.8596478649725,148.20950402730278,1.625,0.90625,7.701768180104212,8.417014957268432,-0.3249999999999993,7.650143837669702,0.71875,0.7152467771642197
1473450,27.825,27.575,161.39594801290076,157.12590578181067,1.34375,1.28125,8.618007450065978,9.301057894322144,0.25,4.270042231090088,0.0625,0.6830504442561658
1473451,32.8,32.075,165.39428646160985,150.95935426426263,1.275,1.2366071428571428,7.687449089646265,8.90101517304627,0.7249999999999943,14.434932197347223,0.03839285714285712,1.2135660834000053
1473452,23.325,30.25,153.6851499373932,175.8063275539858,1.46875,1.3333333333333333,7.167534501447619,9.1970064103009,-6.925000000000001,-22.121177616592604,0.13541666666666674,2.0294719088532815
1473453,28.475,29.35,157.74039364725337,149.88051479974808,1.4479166666666667,1.0625,8.729728172873335,8.159474540499852,-0.875,7.859878847505286,0.38541666666666674,-0.5702536323734826
1473455,26.4,29.525,140.31752709813526,157.03165853802162,0.95,1.375,8.103607047799626,9.315334606750032,-3.125,-16.71413143988636,-0.42500000000000004,1.2117275589504057
1473454,29.325,28.15,168.21874846610424,140.22550842345814,1.71875,1.71875,9.315444737791791,7.91501082574287,1.1750000000000007,27.993240042646107,0.0,-1.4004339120489213
1473457,25.4,35.36666666666666,163.33001776004613,150.70899134623087,0.9419642857142857,1.375,9.680412211515693,8.298484648237096,-9.966666666666661,12.621026413815258,-0.4330357142857143,-1.3819275632785963
1473458,30.225,28.075,159.1779520250165,149.2927229123282,1.03125,1.5416666666666667,7.8204535090992,7.714512518311149,2.150000000000002,9.885229112688307,-0.5104166666666667,-0.10594099078805108
1473456,29.725,24.45,172.091362288245,158.1186868686869,1.40625,1.53125,8.605771957570965,7.543090863745771,5.275000000000002,13.9726754195581,-0.125,-1.0626810938251943
1473459,26.45,27.375,157.64684562450194,137.43998458718653,1.40625,1.625,9.159225277098496,8.123902107931741,-0.9250000000000007,20.206861037315406,-0.21875,-1.0353231691667553
1473460,34.675,27.225,153.37745826834566,148.28814835633943,1.4375,1.04375,8.575389322663241,7.993066519873833,7.449999999999996,5.089309912006229,0.39375000000000004,-0.5823228027894087
1473461,30.85,31.55,163.24647241318206,170.66921700635973,1.1428571428571428,1.65625,8.229613218691817,8.864900793650794,-0.6999999999999993,-7.4227445931776685,-0.5133928571428572,0.6352875749589764
1473462,26.375,24.35,140.383763127244,162.78424624593373,1.2916666666666667,1.40625,8.279216192746002,7.417714728190756,2.0249999999999986,-22.40048311868972,-0.11458333333333326,-0.8615014645552463
1473463,34.065,28.325,151.87257090842706,165.51209453930363,1.4625,1.38125,8.110632496116132,8.73746558651377,5.739999999999998,-13.639523630876567,0.08124999999999982,0.6268330903976373
1473464,28.825,24.665,159.5086436934244,153.94679102801987,1.25,1.3333333333333333,8.78449652779228,8.927943716202826,4.16,5.56185266540453,-0.08333333333333326,0.14344718841054593
1473465,25.425,28.175,141.3163708727892,158.6821115144905,1.1875,1.125,8.139739778755828,8.493963602566819,-2.75,-17.36574064170128,0.0625,0.35422382381099027
1473466,27.645,27.425,159.7410710208457,156.45462206631288,1.34375,1.65625,8.074518079521583,8.354000467671387,0.21999999999999886,3.2864489545328297,-0.3125,0.27948238814980364
1473467,33.725,22.35,171.3736991424318,135.10548303468005,1.4895833333333333,1.53125,8.75266544740229,8.321307563767064,11.375,36.268216107751755,-0.04166666666666674,-0.43135788363522565
1473468,30.46,24.825,165.97715433336714,162.14400305576777,0.875,1.46875,9.876157988968783,7.496308143348674,5.635000000000002,3.83315127759937,-0.59375,-2.379849845620109
1473470,27.714999999999996,27.191666666666663,165.34093345054427,157.1757480078898,1.28125,1.34375,8.962991070714182,8.3573245990061,0.5233333333333334,8.165185442654462,-0.0625,-0.6056664717080817
1473471,30.55,29.2,158.50029333267233,168.22219318257328,1.0625,0.90625,8.528903584072193,9.231717139175258,1.3500000000000014,-9.72189984990095,0.15625,0.7028135551030648
1473472,26.925,34.69166666666667,160.4203002787018,152.60925712796592,1.63125,1.4479166666666667,8.345578094564079,8.366655976025413,-7.766666666666669,7.811043150735884,0.18333333333333335,0.021077881461334158
1473473,32.075,25.925,160.84600898705102,149.67365413362884,1.4464285714285714,1.09375,8.43640813331936,8.323591706721698,6.150000000000002,11.172354853422178,0.3526785714285714,-0.11281642659766078
1473474,27.303571428571427,28.35,162.26511459705833,172.5737183383992,1.09375,1.125,9.145959488083962,8.752086278489212,-1.0464285714285744,-10.308603741340875,-0.03125,-0.3938732095947497
1473475,22.1,28.717857142857145,130.16681085294752,156.53917509032598,1.4375,1.21875,8.423774107344087,8.255299963360736,-6.617857142857144,-26.372364237378463,0.21875,-0.16847414398335125
1473476,37.99285714285715,26.975,156.38527096383044,157.3320851785292,1.5625,1.53125,8.333038601080634,7.105506997690563,11.017857142857146,-0.9468142146987759,0.03125,-1.2275316033900712
1473477,32.075,26.35,166.0930151175812,160.12439350075553,1.375,1.5416666666666667,8.400156325156326,8.510017652789365,5.725000000000001,5.968621616825658,-0.16666666666666674,0.10986132763303935
1473478,26.65,31.8,159.8700401868037,160.8607130687978,1.075,1.375,9.096231647927445,7.960610535827115,-5.150000000000002,-0.9906728819941009,-0.30000000000000004,-1.1356211121003295
1473479,29.275,26.3,171.2828476401647,150.87780064053,1.15625,1.0625,8.497627542544041,8.477253166915052,2.974999999999998,20.405046999634692,0.09375,-0.020374375628989583
1473480,21.225,27.610714285714288,122.5419033118641,158.97637781004906,1.35625,0.9583333333333334,8.019504643962847,8.89843142968143,-6.385714285714286,-36.434474498184954,0.3979166666666666,0.8789267857185834
1473482,31.2,32.3,165.55943403002226,161.5089256559686,1.4375,1.28125,8.13262756150781,7.899511678478108,-1.0999999999999979,4.050508374053663,0.15625,-0.23311588302970243
1473483,34.525,28.175,170.07602480647432,166.06988582443222,1.4375,1.25,8.357996114710032,8.531102550561224,6.349999999999998,4.006138982042103,0.1875,0.17310643585119223
1473484,34.175,26.7,160.60274325130476,148.04238983352957,1.46875,1.03125,8.192573831582532,8.537549663265281,7.474999999999998,12.56035341777519,0.4375,0.34497583168274915
1473485,26.1,32.3,148.37746048394843,171.97173778411224,1.4375,1.3125,7.813632951959485,8.251743811873109,-6.199999999999996,-23.59427730016381,0.125,0.43811085991362386
1473486,22.575,26.9,125.63280964559738,159.18956986664716,1.1770833333333333,1.09375,8.099696238720629,8.921641026652313,-4.324999999999999,-33.556760221049785,0.08333333333333326,0.8219447879316846
1473487,32.5,35.36666666666667,165.74738916902965,167.16717351307994,1.40625,1.25,8.029269596977526,8.500761512415648,-2.866666666666667,-1.4197843440502993,0.15625,0.4714919154381221
1473488,33.3,25.35,158.1036773199846,149.14729335681687,1.5,1.0848214285714286,7.9652567189580346,8.46921926910299,7.949999999999996,8.956383963167724,0.4151785714285714,0.503962550144955
1473489,27.6,25.02,169.16612112332223,134.82445330519062,1.03125,1.15625,8.518322212573311,8.13580703632765,2.580000000000002,34.34166781813161,-0.125,-0.38251517624566134
1473490,25.475,29.7,149.34657100514573,163.56914523385112,1.4375,1.28125,7.580165160091239,8.6736204555714,-4.224999999999998,-14.222574228705383,0.15625,1.0934552954801617
1473491,27.525,31.175,157.44808894793232,153.84551773612765,1.375,1.3125,8.759549342531946,8.079254891450015,-3.650000000000002,3.6025712118046727,0.0625,-0.6802944510819309
1473493,34.125,36.964285714285715,166.38974083674876,162.7597681329169,1.78125,1.5,8.07353360435035,8.079265069489905,-2.8392857142857153,3.629972703831868,0.28125,0.005731465139554359
1473494,24.55,30.51666666666667,150.55849200147836,141.88006657384366,1.40625,1.03125,7.870999582565137,8.67631672236331,-5.966666666666669,8.678425427634693,0.375,0.8053171397981735
1473497,26.775,32.775,156.52453213693735,166.4883881979108,1.25,0.875,8.567209072978304,9.242698002938592,-6.0,-9.963856060973455,0.375,0.675488929960288
1473498,29.125,35.175,162.88445352982112,157.91916509397282,1.09375,1.34375,8.021934725527657,8.303418672174214,-6.049999999999997,4.965288435848294,-0.25,0.2814839466465564
1473499,30.2,27.775,161.83020214590846,152.1345548742016,1.15625,1.2604166666666667,8.713388218056107,8.823988324549703,2.4250000000000007,9.69564727170686,-0.10416666666666674,0.11060010649359597
1473500,30.541428571428572,32.425,145.50444146346453,166.16665798607835,1.0,0.8854166666666666,8.593542069892912,9.215344744455159,-1.8835714285714253,-20.662216522613818,0.11458333333333337,0.6218026745622467
1473501,31.55,29.875,161.1240176095277,163.39013095273444,1.4375,1.0625,7.667789534920285,8.411494643646108,1.6750000000000007,-2.26611334320674,0.375,0.7437051087258233
1473502,32.025,38.55,166.7668511103174,160.83183328632467,0.96875,1.15625,9.015130293259189,8.35649061372099,-6.524999999999999,5.935017823992723,-0.1875,-0.658639679538199
1473503,26.325,28.75,148.97453459319587,178.7878234578852,1.28125,1.0625,8.634440839892967,8.82785682168091,-2.4250000000000007,-29.813288864689326,0.21875,0.19341598178794328
1485779,29.025,27.635,163.350967585133,164.9774429465151,1.125,1.0625,8.703405022025088,8.300799220272904,1.389999999999997,-1.62647536138212,0.0625,-0.4026058017521841
1473504,30.46666666666667,39.55,143.31488646945775,163.16293562056276,0.90625,1.0625,8.403777765166067,8.811224710553136,-9.083333333333329,-19.848049151105016,-0.15625,0.4074469453870684
1473505,28.2,25.55,152.97732920553412,154.13405468167753,1.4375,1.53125,8.623616116670664,8.205398034923991,2.6499999999999986,-1.1567254761434071,-0.09375,-0.41821808174667296
1473506,32.4,27.94166666666667,164.5438525663091,163.00851180227716,1.75,1.25,7.213196656499032,9.014745224211381,4.458333333333329,1.5353407640319574,0.5,1.8015485677123495
1473507,27.975,26.95,151.09866168689697,167.3937586279897,1.09375,1.0669642857142856,8.80448460786631,8.297715074769048,1.0250000000000021,-16.295096941092737,0.026785714285714413,-0.5067695330972626
1473508,26.83928571428571,29.725,159.7581644698013,176.68359165443275,0.84375,1.125,9.495774335014904,8.462603923099605,-2.8857142857142897,-16.925427184631445,-0.28125,-1.0331704119152985
1473509,31.575,31.825,163.20070189171514,155.88189683729902,1.5875,1.0625,7.385091686594386,9.099134063173008,-0.25,7.318805054416117,0.5249999999999999,1.7140423765786217
1473510,32.05,25.9,161.1122634171636,158.1134767667167,1.625,1.15625,7.56086071946921,9.321581401560724,6.149999999999999,2.9987866504469025,0.46875,1.760720682091514
1473511,29.8,28.6,177.9918367246045,165.22653926393124,1.21875,1.1875,8.263880006302838,9.144429820663062,1.1999999999999993,12.765297460673253,0.03125,0.880549814360224
1527674,32.6,30.475,154.36332941856548,180.00755857898713,1.6458333333333333,1.0,8.982579307369882,9.265728506936979,2.125,-25.644229160421645,0.6458333333333333,0.28314919956709694
1527675,25.425,31.0,148.24810477942836,159.51676899852808,1.28125,1.5,7.944343919942559,8.33754290617833,-5.574999999999999,-11.268664219099719,-0.21875,0.3931989862357703
1527676,26.707142857142856,33.575,137.59677514313816,165.7818315685965,0.84375,1.13125,7.774360624360624,8.448040546081861,-6.867857142857147,-28.185056425458328,-0.2875000000000001,0.673679921721237
1527677,36.475,28.2,164.15114998026883,166.59077518998737,0.875,1.4375,9.270934850979266,8.636886438789539,8.275000000000002,-2.4396252097185425,-0.5625,-0.6340484121897276
1527678,33.625,23.95,148.62539386864,156.90339682222583,0.9895833333333334,1.03125,9.08770325203252,8.353091905593615,9.675,-8.278002953585826,-0.04166666666666663,-0.7346113464389052
1527679,31.8,25.8,155.66333675380437,145.9062453170241,1.3705357142857144,1.34375,9.376611849420046,8.040010636006434,6.0,9.757091436780286,0.026785714285714413,-1.336601213413612
1527680,22.475,25.3,129.9396594161621,162.82173475757895,1.0625,1.3125,8.870637223296798,8.611283050546168,-2.8249999999999993,-32.88207534141685,-0.25,-0.2593541727506299
1527682,32.975,27.35833333333333,168.12880999971816,157.84342644540433,1.1875,0.78125,8.22720694836573,9.320472163495419,5.616666666666671,10.285383554313825,0.40625,1.0932652151296889
1527681,31.15,24.692857142857143,160.01585895708166,150.29630932274443,1.3125,1.4583333333333335,7.381161626253894,8.407585374140497,6.4571428571428555,9.719549634337227,-0.14583333333333348,1.0264237478866036
1527683,31.75,30.425,156.67403145565953,150.67123677393266,1.5375,1.0625,8.70108281874341,8.606251046157938,1.3249999999999993,6.0027946817268685,0.4750000000000001,-0.09483177258547215
1527684,29.9,23.941666666666666,182.77474281304654,137.6822314147416,1.0,0.96875,9.65481813405069,9.31514587632534,5.958333333333332,45.092511398304936,0.03125,-0.3396722577253488
1527686,32.65,31.1,171.09804846883952,155.85079773495997,1.2008928571428572,1.25,8.524077258169953,7.738988282462055,1.5499999999999972,15.247250733879554,-0.049107142857142794,-0.7850889757078985
1527687,33.4,26.292857142857144,156.91123168957617,151.64198309393512,0.875,1.4375,9.439226509535459,8.161523976433738,7.107142857142854,5.269248595641045,-0.5625,-1.2777025331017207
1527688,26.625,32.625,147.11563389656695,150.34497732864565,1.125,1.15625,9.113672271281136,8.653047391205286,-6.0,-3.229343432078707,-0.03125,-0.4606248800758497
1527689,32.475,33.775,189.0165747784214,173.10339004945982,1.3125,1.28125,9.832598851398494,8.60265621475299,-1.2999999999999972,15.913184728961568,0.03125,-1.2299426366455037
1527690,31.45,24.8,159.92902637295646,163.4459633523739,1.53125,1.21875,8.958111835694044,8.947044544560825,6.649999999999999,-3.516936979417437,0.3125,-0.01106729113321947
1527691,26.275,28.53333333333334,153.10630280886045,146.98977904951366,0.9166666666666666,1.35625,10.347492847913701,8.191065334665069,-2.25833333333334,6.116523759346791,-0.4395833333333333,-2.156427513248632
1527692,32.36666666666667,33.8,152.72414797475057,156.50262904524735,1.09375,0.9791666666666666,8.907878871234757,9.430305445895334,-1.43333333333333,-3.778481070496781,0.11458333333333337,0.5224265746605763
1527693,32.5,29.225,189.65010450320398,156.6977206533576,1.09375,1.09375,9.399607965726393,7.814348260670535,3.2749999999999986,32.95238384984637,0.0,-1.585259705055858
1529264,34.575,31.175,168.28105649392862,173.26296577245205,1.4508928571428572,1.28125,9.076751270274423,8.74143280944036,3.400000000000002,-4.981909278523432,0.1696428571428572,-0.33531846083406336
1529265,29.85,28.233333333333338,155.4877060378818,162.63630195558844,1.125,1.15625,9.864381750588263,8.580038468939033,1.6166666666666636,-7.148595917706643,-0.03125,-1.28434328164923
1529266,30.3,34.15,151.83826067852996,189.8771062244116,1.09375,1.3125,8.968340584964949,9.08944332152391,-3.849999999999998,-38.03884554588163,-0.21875,0.12110273655896187
1529267,27.45,30.93333333333333,158.3978459929836,172.65296345805626,0.75,1.1875,8.539462792445054,8.753466641527964,-3.4833333333333307,-14.255117465072658,-0.4375,0.2140038490829106
1529268,26.0,33.1,142.33546529396682,154.91195987733485,1.09375,1.125,8.560268950913775,9.230823863636363,-7.100000000000001,-12.576494583368031,-0.03125,0.6705549127225883
1529269,32.4,31.0,193.81521620894483,152.3990005512621,1.4375,1.125,8.736801222528022,8.650955032748051,1.3999999999999986,41.41621565768273,0.3125,-0.08584618977997138
1529270,35.3,29.4,174.43768298931343,152.98641994537053,1.125,1.2202380952380953,8.677871881317358,8.694145940556709,5.899999999999999,21.4512630439429,-0.09523809523809534,0.016274059239350436
1529271,30.9,24.9,170.61588459991498,140.88179575387403,1.15625,1.09375,8.689992897438518,8.797831953631645,6.0,29.734088846040947,0.0625,0.10783905619312684
1529272,31.65,31.68,174.3679739695155,149.24987242025128,1.15625,1.125,8.835395570541614,8.541556291390728,-0.030000000000001137,25.118101549264225,0.03125,-0.2938392791508857
1529273,25.35,31.275,153.55228024011885,151.85218318762713,1.1011904761904763,1.3,8.356108907469412,9.179559905910919,-5.924999999999997,1.7000970524917136,-0.19880952380952377,0.8234509984415066
1529274,34.575,29.82,172.88961122706056,152.12681389379907,1.2875,1.2410714285714286,8.606722754929473,8.341220940712557,4.755000000000003,20.76279733326149,0.046428571428571486,-0.26550181421691654
1529275,30.866666666666667,32.53333333333333,165.89400579132777,149.86731615346645,1.1875,1.4479166666666667,8.156555604182582,8.756293453505485,-1.6666666666666643,16.026689637861324,-0.26041666666666674,0.5997378493229029
1529276,26.28333333333333,23.8,145.80300363852072,158.16252297972449,1.25,1.4375,9.114466722191601,8.111354366834753,2.4833333333333307,-12.359519341203764,-0.1875,-1.0031123553568477
1529277,28.75,28.85,149.50933132505847,183.17435218136782,1.34375,1.46875,9.05130647130647,8.567322012711916,-0.10000000000000142,-33.665020856309354,-0.125,-0.48398445859455386
1529278,27.608333333333338,32.644999999999996,155.58142672468657,178.36496784129,1.15625,1.1875,8.842159533828461,8.8879531798251,-5.036666666666658,-22.78354111660343,-0.03125,0.04579364599663904
1529279,27.353571428571428,36.2,156.23560455958773,175.34830764776797,1.40625,1.5729166666666667,7.754480058726227,8.028604917809464,-8.846428571428575,-19.11270308818024,-0.16666666666666674,0.274124859083237
1529280,27.308333333333337,29.9,165.49017392267643,153.64195989921268,1.5,1.03125,8.245967916708127,8.899382134968853,-2.5916666666666615,11.848214023463754,0.46875,0.6534142182607265
1529282,32.5,31.5,150.16323648903608,183.8776774594772,1.0625,1.46875,9.584393786495605,8.543130429834292,1.0,-33.71444097044113,-0.40625,-1.0412633566613128
1529283,36.0,28.425,179.97405814547105,158.90981727276795,1.3125,1.31875,8.936659781505442,7.869830443486259,7.574999999999999,21.064240872703095,-0.006250000000000089,-1.0668293380191836
